SUBTIPO,ESTRATO,NIVEL_PISO,VAL_ARRIEN,AREA_M2,ALCOBAS,BANOS,GARAJES,ESTAR,ESTUDIO,ALC_SERVIC
0,4,4,1300000,90,3,2,1,0,0,0
0,4,1,360000,28,1,1,0,0,0,0
1,4,0,3000000,340,4,3,2,0,0,0
0,4,5,900000,85,3,2,1,0,0,0
0,4,5,700000,60,1,1,1,0,0,0
0,4,5,900000,70,3,2,1,0,0,0
0,4,5,750000,45,1,1,1,0,0,0
0,4,3,1000000,80,3,2,1,0,0,0
0,4,5,1100000,72,3,2,1,0,0,0
0,4,5,700000,40,1,1,1,0,0,0
1,4,0,1280000,100,4,2,0,0,0,0
1,4,0,1300000,200,4,2,1,0,0,0
0,4,4,800000,78,2,3,1,0,0,0
0,4,3,850000,90,3,2,0,0,0,0
0,4,3,1200000,75,3,2,1,0,0,0
0,4,3,1150000,57,2,2,1,0,0,0
0,4,3,1250000,57,2,2,1,0,0,0
0,4,3,1100000,72,3,1,1,0,0,0
0,4,4,1200000,74,3,2,1,0,0,0
0,4,2,850000,65,3,2,1,0,0,1
0,4,5,850000,54,2,1,0,0,0,0
0,4,5,900000,54,2,1,1,0,0,0
0,4,1,1200000,68,3,2,1,0,0,0
0,4,3,750000,70,2,2,1,0,0,0
0,4,4,850000,72,3,3,1,0,1,1
0,4,4,1200000,74,3,3,1,0,0,0
0,4,2,1250000,78,4,2,1,0,0,0
0,4,3,800000,58,2,2,1,0,0,0
0,4,3,830000,65,3,2,1,0,0,0
1,4,0,890000,31,1,1,0,0,0,0
0,4,3,900000,95,3,2,1,0,0,0
0,4,5,880000,80,3,2,1,0,0,0
0,4,4,1400000,96,3,2,1,0,0,0
0,4,4,1400000,80,3,2,0,0,0,0
0,4,3,1100000,62,2,2,1,0,0,0
0,4,3,1100000,65,2,2,1,0,0,0
0,4,4,2000000,146,4,3,1,0,0,1
0,4,2,1250000,82,3,2,1,0,0,0
0,4,2,550000,42,2,1,0,0,0,0
0,4,4,800000,78,3,2,0,0,0,0
0,4,4,1000000,55,2,1,0,0,0,0
0,4,2,570000,45,2,1,0,0,0,0
0,4,3,900000,60,2,1,0,0,0,0
0,4,1,1800000,120,3,2,1,0,0,0
0,4,3,700000,68,2,1,1,0,0,0
0,4,6,750000,60,2,1,1,0,0,0
0,4,4,900000,60,2,1,1,0,0,0
0,4,6,950000,47,2,1,1,0,0,0
0,4,6,850000,47,2,1,1,0,0,0
1,4,0,800000,130,4,2,0,0,0,0
0,4,1,1050000,146,5,4,1,0,0,1
0,4,1,600000,60,3,2,1,0,0,0
0,4,2,900000,170,3,3,1,0,0,0
0,4,3,1000000,94,3,3,1,0,0,1
0,4,2,1150000,60,2,2,1,0,0,0
0,4,12,1000000,40,1,1,1,0,0,0
0,4,7,780000,35,1,1,0,0,0,0
0,4,10,1000000,40,1,1,1,0,0,0
0,4,9,1000000,35,1,1,0,0,0,0
0,4,12,730000,48,2,1,1,0,0,0
0,4,10,650000,40,1,1,1,0,0,0
0,4,8,580000,40,1,1,0,0,0,0
0,4,10,900000,48,1,2,1,0,0,0
0,4,4,950000,42,2,1,1,0,0,0
0,4,10,900000,48,1,1,1,0,0,0
0,4,7,780000,35,1,1,0,0,0,0
0,4,4,960000,60,2,2,1,0,0,0
0,4,7,950000,58,2,2,1,0,0,0
0,4,10,820000,30,1,1,1,0,0,0
0,4,5,800000,42,1,1,1,0,0,0
0,4,5,650000,40,1,1,1,0,0,0
0,4,4,760000,60,2,2,1,0,0,0
0,4,11,730000,29,1,1,0,0,0,0
0,4,6,1300000,70,2,2,1,0,0,0
0,4,10,980000,50,1,1,1,0,0,0
0,4,9,650000,35,1,1,1,0,0,0
0,4,12,1100000,40,1,1,0,0,0,0
0,4,10,700000,40,1,1,1,0,0,0
0,4,0,1000000,60,2,2,1,0,0,0
0,4,9,650000,35,1,1,1,0,0,0
0,4,6,870000,60,2,2,1,0,0,0
0,4,3,750000,58,2,2,0,0,0,0
0,4,9,760000,35,1,1,1,0,0,0
0,4,7,620000,40,1,1,0,0,0,0
0,4,12,850000,58,2,2,1,0,0,0
0,4,10,800000,45,1,1,1,0,0,0
0,4,7,760000,65,2,2,1,0,0,0
0,4,5,700000,40,1,1,1,0,0,0
0,4,8,580000,40,1,1,0,0,0,0
0,4,0,1000000,38,1,1,1,0,0,0
1,4,0,1300000,150,3,2,1,0,0,1
1,4,0,1600000,135,4,2,1,0,0,0
0,4,2,1200000,130,3,3,0,0,0,1
0,4,3,950000,125,3,2,0,0,0,0
0,4,3,750000,125,3,2,0,0,0,0
0,4,3,670000,35,1,1,0,0,0,0
0,4,0,950000,90,3,2,0,0,0,0
0,4,3,660000,45,1,1,0,0,0,0
0,4,2,650000,30,1,1,1,0,0,0
0,4,2,550000,40,1,1,0,0,0,0
0,4,3,650000,47,1,1,0,0,0,0
0,4,2,650000,35,1,1,0,0,0,0
0,4,1,880000,65,2,2,0,0,0,0
0,4,2,600000,38,1,1,0,0,0,0
0,4,0,900000,68,2,2,0,0,0,0
0,4,1,470000,35,1,1,0,0,0,0
0,4,4,1100000,85,3,2,1,0,0,0
0,4,1,500000,30,1,1,0,0,0,0
0,4,0,700000,45,2,2,0,0,0,0
0,4,4,470000,40,1,1,0,0,0,0
0,4,4,700000,40,1,1,0,0,0,0
0,4,3,600000,30,1,1,0,0,0,0
0,4,4,650000,55,2,1,0,0,0,0
0,4,3,450000,37,1,1,0,0,0,0
0,4,4,700000,35,1,1,1,0,0,0
0,4,4,600000,48,2,2,0,0,0,0
0,4,4,500000,45,1,1,0,0,0,0
0,4,0,550000,35,1,1,0,0,0,0
0,4,0,750000,45,2,1,0,0,0,0
1,4,0,1000000,60,2,1,0,0,0,0
1,4,0,800000,35,1,1,0,0,0,0
1,4,0,1000000,55,2,1,0,0,0,0
1,4,0,560000,65,2,1,0,0,0,0
0,4,0,900000,70,2,2,0,0,1,0
0,4,3,730000,40,1,1,1,0,0,0
0,4,3,730000,35,1,1,1,0,0,0
0,4,1,860000,38,1,1,1,1,0,0
0,4,5,550000,35,1,1,0,0,0,0
0,4,5,820000,57,1,1,1,0,0,0
0,4,5,850000,40,1,1,1,0,0,0
0,4,4,550000,40,1,1,0,0,0,0
0,4,3,850000,40,1,1,1,0,0,0
0,4,5,880000,37,1,1,1,0,0,0
0,4,4,900000,78,3,2,1,0,0,0
0,4,2,550000,35,1,1,0,0,0,0
0,4,5,650000,47,1,1,0,0,0,0
0,4,5,650000,35,1,1,0,0,0,0
1,4,0,850000,50,2,1,0,0,0,0
1,4,0,570000,50,2,1,0,0,0,0
0,4,3,1200000,89,3,2,1,0,0,0
0,4,0,950000,67,2,1,1,0,0,0
0,4,2,800000,70,2,1,0,0,0,0
0,4,1,450000,40,1,1,0,0,0,0
0,4,1,510000,48,2,1,0,0,0,0
0,4,2,1100000,100,3,1,1,0,0,0
1,4,0,2200000,300,7,2,0,0,0,0
1,4,0,750000,98,3,2,0,0,0,0
0,4,13,950000,65,3,2,1,0,0,0
0,4,13,950000,70,3,2,1,0,0,0
0,4,13,950000,85,3,2,1,0,0,0
0,4,1,1200000,65,3,2,1,0,0,0
0,4,13,1400000,100,4,2,1,0,0,0
0,4,9,1500000,80,4,3,1,0,0,0
0,4,13,1400000,80,3,2,1,0,0,0
0,4,2,950000,60,3,2,1,0,0,0
0,4,9,1100000,65,3,2,0,0,0,0
0,4,6,1200000,72,3,2,1,0,0,0
0,4,3,680000,60,2,1,0,0,0,0
0,4,7,680000,43,2,1,0,0,0,0
0,4,7,900000,72,3,2,1,0,0,0
0,4,5,850000,70,3,2,1,0,0,0
0,4,2,750000,52,2,1,1,0,0,0
0,4,6,900000,72,3,2,1,0,0,0
0,4,7,800000,60,2,2,1,0,0,0
0,4,0,1000000,88,3,2,0,0,0,0
0,4,0,1700000,187,4,2,0,0,0,1
1,4,3,920000,75,3,1,0,0,0,0
0,4,0,1350000,240,4,3,0,1,0,0
0,4,1,1000000,170,4,4,0,0,0,0
0,4,3,550000,49,1,1,0,0,0,0
0,4,3,500000,49,1,1,0,0,0,0
0,4,0,1150000,117,5,2,0,0,0,0
1,4,0,900000,85,3,2,0,0,0,0
1,4,0,700000,70,2,2,1,0,0,0
1,4,0,750000,85,1,1,0,0,0,0
1,4,2,650000,65,2,1,0,0,0,0
1,4,0,2000000,180,4,5,1,0,0,0
1,4,0,800000,65,2,1,0,0,0,0
0,4,4,880000,91,3,3,0,0,0,0
0,4,1,650000,60,2,2,1,0,0,0
0,4,4,650000,58,2,1,1,0,0,0
0,4,2,1100000,101,3,2,1,0,0,0
0,4,1,900000,107,3,2,1,0,0,0
0,4,1,800000,40,1,1,0,0,0,0
0,4,3,750000,70,2,2,1,0,0,1
0,4,4,780000,100,3,3,1,0,0,0
0,4,0,1400000,140,4,1,0,0,0,1
0,4,6,950000,120,4,3,1,0,0,0
0,4,2,700000,100,2,2,1,0,0,1
1,4,0,770000,56,1,1,0,0,0,0
0,4,3,650000,50,1,1,0,0,0,0
0,4,2,560000,60,1,1,0,0,0,0
0,4,2,900000,80,3,3,1,0,0,0
0,4,13,670000,50,1,1,0,0,0,0
0,4,12,700000,38,1,1,1,0,0,0
0,4,11,1100000,85,3,2,1,0,0,0
0,4,6,1150000,85,3,2,1,0,0,0
0,4,6,1100000,85,3,2,1,0,0,0
0,4,2,1000000,115,3,3,0,0,0,1
0,4,1,900000,100,2,2,1,0,0,0
0,4,0,900000,65,2,1,0,0,0,0
0,4,0,1300000,99,3,3,0,0,0,0
0,4,4,950000,100,3,3,1,0,0,0
0,4,2,580000,44,1,1,0,0,0,0
0,4,2,950000,60,3,2,0,0,0,0
0,4,4,750000,44,1,1,0,0,0,0
0,4,4,920000,74,2,2,0,0,0,0
0,4,1,800000,47,2,2,0,0,0,0
0,4,4,750000,115,3,2,0,0,0,0
0,4,4,790000,115,3,2,1,0,0,0
0,4,0,700000,60,2,1,0,0,0,0
0,4,2,600000,60,2,1,0,0,0,0
0,4,0,850000,60,2,2,0,0,0,0
0,4,4,900000,60,2,1,0,0,0,0
1,4,3,850000,80,3,2,0,0,0,0
1,4,0,850000,60,2,2,0,0,0,0
1,4,3,650000,50,1,1,0,0,0,0
1,4,0,650000,43,2,1,0,0,0,0
1,4,0,650000,43,2,1,0,0,0,0
1,4,0,800000,65,2,1,0,0,0,0
1,4,0,1500000,230,5,3,1,0,0,1
0,4,0,1400000,180,5,4,0,0,0,1
0,4,3,1250000,240,6,4,0,0,0,0
0,4,5,1350000,94,3,3,1,0,0,0
0,4,5,950000,93,3,3,0,0,0,0
0,4,3,1350000,95,3,3,1,0,0,0
0,4,5,1350000,94,3,3,1,0,0,0
0,4,3,1400000,95,3,2,1,0,0,0
0,4,5,1350000,94,3,3,1,0,0,0
0,4,5,1350000,94,3,3,1,1,0,0
0,4,5,1100000,94,3,3,0,0,0,0
0,4,1,900000,50,2,1,0,0,0,0
1,4,0,600000,40,2,1,0,0,0,0
1,4,0,1100000,236,5,3,0,1,0,0
0,4,2,790000,90,2,2,0,0,0,1
0,4,4,850000,65,2,1,0,0,0,0
0,4,5,780000,70,3,2,1,0,0,0
0,4,0,980000,70,3,2,0,0,0,0
0,4,5,950000,70,3,2,1,0,0,0
0,4,5,820000,70,3,2,1,0,0,0
0,4,2,850000,60,2,2,1,0,0,0
0,4,3,650000,58,1,1,1,0,0,0
0,4,4,750000,55,2,2,1,0,0,0
0,4,3,980000,60,2,1,0,0,0,0
0,4,3,1100000,65,3,1,0,0,0,0
0,4,3,750000,55,2,2,1,0,0,0
0,4,2,530000,36,1,1,0,0,0,0
0,4,3,600000,36,1,1,1,0,0,0
0,4,5,800000,68,3,2,0,0,0,0
0,4,2,900000,60,2,2,1,0,0,0
0,4,2,750000,34,1,1,0,0,0,0
0,4,3,650000,36,1,1,0,0,0,0
0,4,2,770000,60,2,2,1,0,0,0
0,4,2,650000,35,1,1,0,0,0,0
0,4,5,1050000,70,2,2,1,0,0,0
0,4,4,800000,57,2,3,1,0,0,0
0,4,2,650000,80,2,1,1,0,0,0
0,4,4,680000,55,2,1,0,0,0,0
0,4,3,650000,50,2,1,1,0,0,0
0,4,3,650000,50,2,3,1,0,0,0
0,4,2,600000,40,1,1,0,0,0,0
0,4,2,900000,34,1,1,1,0,0,0
0,4,2,580000,35,1,1,0,0,0,0
0,4,5,800000,47,1,1,1,0,0,0
0,4,3,850000,45,2,2,0,1,0,0
0,4,4,700000,35,1,1,0,0,0,0
0,4,3,750000,33,1,1,0,0,0,0
0,4,5,850000,30,1,1,1,0,0,0
0,4,5,560000,33,1,1,1,0,1,0
0,4,2,600000,26,1,1,1,0,0,0
0,4,5,470000,40,1,1,0,0,0,0
0,4,5,650000,35,1,1,1,0,0,0
0,4,4,500000,35,1,1,0,0,0,0
0,4,1,780000,38,1,1,1,0,0,0
0,4,1,800000,33,1,1,0,0,0,0
0,4,1,450000,40,1,1,0,0,0,0
1,4,0,1600000,105,4,3,1,0,1,0
0,4,1,450000,40,1,1,0,0,0,0
0,4,1,450000,40,1,1,0,0,0,0
1,4,0,680000,25,1,1,0,0,0,0
0,4,2,700000,53,2,2,0,0,0,0
0,4,0,700000,60,2,2,0,0,0,0
1,4,0,800000,60,2,2,0,0,0,0
0,4,0,900000,70,3,2,0,0,0,0
0,4,2,780000,80,3,2,0,0,0,0
0,4,2,780000,80,3,2,0,0,0,0
1,4,0,800000,90,3,1,0,0,0,0
1,4,0,980000,90,3,2,0,0,0,0
1,4,0,600000,80,2,1,0,0,0,0
0,4,3,900000,80,2,2,0,0,0,0
0,4,3,750000,75,2,2,0,0,0,0
0,4,0,650000,50,2,1,0,0,0,0
0,4,2,650000,50,2,1,0,0,0,0
1,4,2,650000,45,2,1,0,0,0,0
0,4,0,800000,60,2,2,0,0,0,1
0,4,0,780000,70,3,2,1,0,0,0
0,4,3,850000,50,2,1,0,0,0,0
0,4,3,850000,43,2,1,0,0,0,0
0,4,2,700000,40,2,1,0,0,0,0
0,4,0,800000,43,2,1,0,0,0,0
0,4,2,1200000,54,3,1,1,0,0,0
0,4,2,1200000,54,3,1,1,0,0,0
0,4,2,900000,54,3,1,1,0,0,0
0,4,1,1200000,145,4,2,0,0,0,0
1,4,0,650000,65,2,2,0,0,0,0
0,4,5,780000,38,1,1,0,0,0,0
0,4,5,580000,40,2,1,0,0,0,0
0,4,4,600000,40,1,1,0,0,0,0
0,4,4,512500,40,1,1,0,0,0,0
0,4,1,560000,29,1,1,0,0,0,0
0,4,5,700000,38,1,1,0,0,0,0
0,4,1,620000,29,1,1,0,0,0,0
0,4,3,650000,40,1,1,0,0,0,0
0,4,1,550000,46,1,1,0,0,0,0
0,4,2,580000,72,2,1,0,0,0,0
1,4,0,1700000,160,4,5,1,0,1,1
0,4,2,650000,64,3,2,0,0,0,0
1,4,0,580000,57,2,1,0,0,0,0
0,4,3,640000,70,3,2,0,0,0,0
0,4,4,640000,76,3,2,0,0,0,0
0,4,2,650000,60,3,2,0,0,0,0
0,4,3,620000,55,3,2,0,0,0,0
0,4,3,650000,52,3,2,0,0,0,0
0,4,2,620000,60,3,2,0,0,0,0
0,4,3,650000,72,3,2,0,0,0,0
0,4,2,900000,52,2,2,0,0,0,0
0,4,4,750000,45,2,2,0,0,0,0
0,4,4,720000,55,2,2,0,0,0,0
0,4,5,630000,55,3,1,0,0,0,0
0,4,3,650000,55,1,1,0,0,0,0
0,4,3,780000,38,1,1,0,1,0,0
0,4,2,680000,55,3,1,1,0,0,0
0,4,4,550000,32,1,1,0,0,0,0
0,4,5,550000,35,1,1,1,0,0,0
0,4,1,480000,32,1,1,0,0,0,0
0,4,4,620000,32,1,1,1,0,0,0
0,4,5,680000,30,1,1,0,0,0,0
0,4,2,650000,100,3,1,0,0,0,0
1,4,0,850000,85,2,1,0,0,0,0
0,4,1,550000,35,1,1,0,0,0,0
1,4,0,1400000,220,4,3,0,0,0,0
1,4,0,1500000,240,4,3,1,0,0,1
0,4,3,1000000,90,3,3,0,0,0,1
0,4,2,1150000,67,3,2,0,0,0,0
0,4,2,1100000,62,3,2,0,0,0,0
0,4,6,870000,40,1,1,0,0,0,0
0,4,2,1000000,85,3,2,0,0,0,0
0,4,4,750000,40,1,1,0,0,0,0
0,4,8,890000,40,1,2,1,0,0,0
0,4,8,780000,40,1,2,1,0,0,0
0,4,1,620000,31,1,1,0,0,0,0
0,4,1,1100000,72,2,2,1,0,0,0
0,4,2,950000,68,3,2,1,0,0,0
0,4,7,600000,31,1,1,0,0,0,0
0,4,1,1250000,77,2,2,0,0,0,0
0,5,3,750000,55,1,1,0,0,0,0
1,5,2,880000,70,3,2,0,0,0,0
1,5,0,1500000,280,7,2,0,0,0,0
1,5,0,1300000,170,3,2,1,0,0,0
1,5,0,650000,55,2,1,0,0,0,0
1,5,0,800000,37,1,1,1,0,0,0
0,5,2,2000000,100,3,2,1,0,0,0
0,5,4,1300000,68,2,2,0,0,0,0
0,5,2,1900000,120,3,2,1,0,0,0
1,5,0,1500000,280,7,2,0,0,0,0
1,5,2,500000,22,1,1,0,0,0,0
1,5,0,1500000,300,7,2,0,0,0,1
0,5,2,550000,22,1,1,0,0,0,0
0,4,1,980000,70,3,1,1,0,0,0
1,4,0,700000,70,2,1,0,0,0,0
1,5,0,680000,22,1,1,0,0,0,0
0,5,0,600000,24,1,1,0,0,0,0
0,5,7,1100000,58,2,2,1,0,0,0
0,5,2,580000,40,1,1,0,0,0,0
0,5,2,700000,48,1,1,0,0,0,0
0,5,2,650000,42,1,1,0,0,0,0
0,5,2,900000,65,3,1,0,0,0,0
0,5,2,700000,65,2,2,0,0,0,0
1,5,0,1500000,162,5,3,0,0,0,0
1,5,0,2600000,130,5,3,1,0,0,0
0,5,1,1100000,70,3,2,0,0,0,0
1,5,0,7000000,300,6,4,0,0,0,0
1,5,0,1800000,200,4,3,0,0,0,0
0,5,4,850000,60,2,2,0,0,0,0
0,5,0,700000,50,2,2,0,0,0,0
0,5,5,800000,50,2,2,0,0,0,0
1,5,0,1500000,90,3,2,0,0,0,0
1,5,0,970000,90,3,2,0,1,0,1
0,5,2,750000,30,1,1,1,0,0,0
0,5,3,1000000,58,2,2,1,0,0,0
0,5,3,1200000,58,2,2,1,0,0,0
0,5,4,1100000,58,2,2,1,0,0,0
0,5,2,750000,30,1,1,1,0,0,0
0,5,4,1100000,55,2,2,1,0,0,0
1,4,2,1200000,90,3,2,0,0,0,0
1,4,0,800000,45,1,1,0,0,0,0
1,4,0,800000,40,1,1,0,0,0,0
0,5,0,580000,40,1,1,0,0,0,0
0,5,3,780000,38,1,1,0,0,0,0
0,5,4,1050000,75,1,1,0,0,0,0
0,5,4,500000,35,1,1,0,0,0,0
0,5,5,700000,30,1,1,0,0,0,0
0,4,0,800000,38,1,1,0,0,0,0
0,5,0,800000,50,2,1,1,0,0,0
0,4,2,700000,35,1,1,0,0,0,0
0,4,2,850000,62,3,2,1,0,0,0
0,4,2,960000,62,3,2,0,0,0,0
0,4,1,550000,50,1,1,0,0,0,0
0,4,1,700000,50,1,1,0,0,0,0
0,5,2,1400000,96,3,2,1,0,0,0
0,4,7,900000,40,1,1,1,0,0,0
0,4,0,800000,40,2,2,0,0,0,0
0,4,6,700000,45,2,2,0,0,0,0
0,4,0,800000,60,2,2,0,0,0,0
0,4,3,950000,32,1,1,0,0,0,0
0,4,7,850000,45,1,1,1,0,0,0
0,5,2,750000,60,1,1,0,0,0,0
0,5,4,1000000,60,2,2,0,0,0,0
0,5,2,1350000,75,2,2,1,0,0,0
0,5,2,1400000,90,3,2,1,0,0,0
0,5,3,1150000,65,2,2,0,0,0,0
0,5,3,1200000,90,3,2,1,0,0,0
0,5,3,1200000,65,2,2,0,0,0,0
0,4,2,1300000,84,3,2,1,0,0,0
0,5,3,1100000,120,3,2,0,0,0,0
1,4,0,520000,40,1,1,0,0,0,0
1,5,0,2300000,183,5,3,0,0,0,0
0,4,2,600000,35,1,1,0,0,0,0
0,4,1,780000,30,1,1,0,0,0,0
0,5,3,650000,28,1,1,0,0,0,0
1,4,0,1900000,190,5,2,0,0,0,0
1,4,0,1500000,181,5,3,0,0,0,1
1,4,0,600000,40,1,1,0,0,0,0
1,5,0,4000000,300,5,3,1,1,1,0
1,5,0,4500000,320,6,3,0,0,0,0
1,5,0,550000,30,1,1,0,0,0,0
1,5,0,980000,117,3,2,1,0,0,1
1,5,0,2500000,394,3,4,2,0,1,1
1,5,0,1150000,117,3,2,1,0,0,1
1,5,0,900000,60,2,1,1,0,0,0
1,5,0,1450000,70,2,2,1,0,0,0
1,4,0,790000,38,2,2,0,0,0,0
1,4,6,1250000,64,3,2,1,0,0,0
1,4,0,1000000,75,2,2,0,1,0,0
1,4,2,680000,80,3,2,0,0,0,0
1,4,0,2500000,190,4,3,1,0,0,0
1,4,0,2500000,150,3,2,1,0,0,0
1,4,2,1000000,74,3,2,0,0,0,0
1,4,0,1200000,78,3,2,0,0,0,0
1,4,0,680000,45,1,1,1,0,0,0
1,4,0,1600000,120,3,2,1,0,0,0
1,4,0,1140000,140,3,2,1,0,0,1
1,4,0,1500000,130,4,3,1,1,0,0
1,4,0,1600000,100,4,2,0,0,0,0
1,4,0,1500000,144,3,2,1,0,0,0
1,4,0,1100000,102,4,4,0,0,0,0
1,4,0,3000000,140,3,3,1,0,0,0
0,4,2,1000000,100,3,2,0,0,0,0
1,5,0,3200000,220,4,3,0,0,0,0
1,5,0,3000000,136,8,3,0,0,0,0
0,5,3,1200000,75,2,2,1,0,0,0
0,5,4,1200000,75,2,2,1,0,0,0
0,5,4,1400000,77,3,2,1,0,0,0
0,5,4,1500000,77,3,2,1,0,0,0
0,5,3,1500000,80,3,2,1,0,0,0
0,5,6,950000,60,2,2,0,0,0,0
0,5,4,1150000,60,2,2,0,0,0,0
0,5,3,750000,37,1,1,0,0,0,0
0,5,5,1350000,96,3,2,1,0,0,0
0,5,2,860000,61,2,2,0,0,0,0
0,5,4,1200000,60,2,2,0,0,0,0
0,5,4,1000000,60,2,2,0,0,0,0
0,5,3,850000,55,2,2,1,0,0,0
0,5,2,1500000,100,3,2,0,0,1,0
0,5,1,2500000,250,3,3,2,1,1,1
0,5,2,1500000,100,3,2,0,1,1,0
0,5,3,900000,40,1,1,0,0,0,0
0,5,5,830000,45,1,1,0,0,0,0
1,5,0,5000000,270,7,4,1,0,0,0
0,5,7,650000,34,1,1,0,0,0,0
1,4,0,1800000,200,4,3,2,1,0,0
0,4,4,1350000,92,3,2,0,0,0,0
1,4,0,1300000,145,3,2,1,0,0,0
0,4,11,1350000,110,2,2,1,0,0,0
0,4,7,1250000,120,3,2,0,0,1,0
0,4,8,950000,47,1,1,1,0,0,0
0,4,5,790000,52,1,1,0,0,0,0
0,4,5,1350000,80,3,2,1,0,0,0
0,4,8,800000,45,1,1,1,0,0,0
0,4,0,950000,220,3,2,0,0,0,1
0,4,0,1150000,98,3,3,1,0,0,0
1,4,1,500000,45,1,1,0,0,0,0
0,5,0,1200000,60,2,1,1,0,0,0
0,5,2,500000,30,1,1,0,0,0,0
0,5,4,650000,35,1,1,0,0,0,0
0,5,3,600000,35,1,1,0,0,0,0
0,5,2,500000,30,1,1,0,0,0,0
0,5,5,1200000,92,2,2,1,0,0,0
0,5,2,500000,30,1,1,0,0,0,0
0,5,2,400000,30,1,1,0,0,0,0
0,5,3,800000,60,2,1,1,0,0,0
0,5,2,400000,30,1,1,0,0,0,0
0,5,2,1300000,65,3,2,1,0,0,0
0,5,8,900000,58,3,2,0,0,0,0
0,5,11,950000,50,2,1,0,0,0,0
0,5,3,1500000,50,2,1,0,0,0,0
0,5,8,900000,60,3,2,0,0,0,0
0,5,2,950000,85,3,2,1,0,0,0
0,5,12,900000,50,2,1,0,0,0,0
0,5,12,800000,50,2,1,0,0,0,0
1,5,0,5000000,320,6,3,1,0,0,0
0,5,6,1300000,70,3,2,1,0,0,0
0,5,3,770000,40,1,1,1,0,0,0
0,5,9,1000000,70,3,2,1,0,0,0
0,5,2,950000,70,3,2,1,0,0,0
0,5,3,830000,48,2,1,1,0,0,0
0,5,7,1200000,50,2,2,1,0,0,0
0,5,3,1450000,100,3,2,0,0,0,0
0,5,3,1500000,100,3,2,0,0,0,0
0,5,4,850000,47,1,1,1,0,0,0
0,5,7,1000000,85,2,2,1,0,0,0
0,5,0,800000,55,2,1,1,0,0,0
0,5,2,1600000,136,3,3,1,0,0,0
0,5,2,760000,55,2,2,0,0,0,0
1,5,0,2700000,250,5,4,1,0,1,0
1,5,0,2400000,200,5,4,1,0,0,1
1,5,0,1100000,84,3,2,0,0,0,0
1,5,0,1190000,84,3,2,0,0,0,0
1,5,0,1300000,100,3,2,1,0,0,0
0,5,0,850000,70,3,2,0,1,0,0
0,5,2,1300000,60,2,2,1,0,0,0
0,5,1,950000,55,1,1,0,0,0,0
0,5,1,700000,45,1,1,0,0,0,0
0,5,4,800000,49,1,1,0,0,0,0
1,5,0,2500000,350,7,5,1,0,0,0
1,5,0,3300000,350,7,5,1,0,0,0
1,5,0,2500000,200,4,4,1,0,0,0
1,5,0,2000000,220,3,4,1,1,0,1
0,5,5,2100000,108,3,2,1,0,0,0
0,5,3,1500000,86,3,2,0,0,0,0
0,5,5,580000,48,1,1,0,0,0,0
0,5,4,1150000,110,3,3,1,1,0,1
0,5,2,700000,48,1,1,0,0,0,0
0,5,2,1500000,190,6,2,0,0,0,0
0,5,5,700000,48,1,1,0,0,0,0
0,5,4,750000,45,1,1,0,0,0,0
0,5,4,1115000,110,3,3,1,0,0,1
0,5,5,700000,48,1,1,0,0,0,0
1,5,0,1700000,150,3,3,1,0,0,1
0,5,3,1500000,74,3,2,1,0,0,0
0,5,3,900000,80,3,2,1,0,0,0
0,5,8,1000000,66,2,1,1,0,0,0
0,5,3,1400000,80,3,2,1,0,0,0
0,5,3,850000,80,3,2,1,0,0,0
0,5,6,850000,45,1,1,1,0,0,0
0,5,5,900000,33,1,1,1,0,0,0
0,5,9,1350000,86,3,2,1,0,0,0
0,5,0,900000,96,3,2,0,0,1,1
0,5,3,960000,95,3,2,1,0,0,0
0,5,0,950000,70,3,2,0,0,0,0
0,5,2,1100000,90,3,2,1,0,0,0
0,5,2,800000,65,2,2,0,0,0,0
1,5,0,6000000,400,10,4,1,0,1,0
1,5,0,4200000,365,10,4,1,0,0,0
0,5,2,650000,90,3,2,0,0,0,0
0,4,3,550000,38,1,1,0,0,0,0
1,5,0,1200000,100,3,2,0,0,0,0
1,5,0,900000,100,3,2,0,0,0,0
0,5,4,700000,30,1,1,0,0,0,0
0,5,3,900000,140,4,2,0,0,0,0
1,5,0,680000,30,1,1,0,0,0,0
1,5,0,1200000,110,3,2,0,0,0,0
1,5,0,1400000,140,3,2,1,0,0,0
1,5,0,3500000,400,7,4,3,1,1,0
0,5,1,820000,52,2,2,1,0,0,0
1,5,0,4000000,300,6,4,3,0,0,0
0,5,3,1300000,86,3,2,1,0,0,0
0,5,2,900000,90,3,2,0,0,0,0
1,5,0,5500000,380,4,3,1,0,0,1
0,5,3,950000,80,3,2,0,0,0,0
0,5,3,1200000,80,3,2,1,0,0,0
0,5,1,1500000,149,3,3,1,0,0,0
0,5,3,950000,95,3,2,1,0,1,0
0,5,3,900000,52,1,1,1,0,0,0
0,5,2,1500000,65,3,2,1,0,0,0
0,5,3,800000,50,1,1,1,0,0,0
0,5,4,900000,50,1,1,1,0,0,0
0,5,1,1600000,149,3,3,1,0,0,0
0,5,3,1000000,90,3,2,1,0,0,0
0,5,2,1250000,65,3,2,1,0,0,0
0,5,12,1800000,94,3,2,1,0,0,0
0,5,5,1800000,89,3,2,1,0,0,0
0,5,4,1400000,95,3,2,1,0,0,0
0,5,4,1000000,79,3,2,1,0,0,0
0,5,9,950000,38,1,1,1,0,0,0
0,5,10,950000,38,1,1,1,0,0,0
0,5,7,950000,46,1,1,1,0,0,0
0,5,0,1200000,120,3,3,1,0,0,1
1,5,0,900000,80,2,2,0,0,0,0
0,5,2,1100000,107,3,2,0,0,0,0
1,5,0,650000,43,2,1,0,0,0,0
1,5,0,3800000,240,5,3,1,0,0,0
1,5,0,1500000,130,4,4,1,0,1,1
1,5,0,3500000,320,4,3,1,0,0,0
1,5,0,1300000,100,2,2,0,0,0,1
1,5,0,1600000,120,3,3,1,0,0,1
1,5,0,650000,30,1,1,0,0,0,0
0,5,3,600000,42,2,1,0,0,0,0
0,5,0,700000,50,2,1,0,0,0,0
0,5,3,850000,60,2,2,1,0,0,0
0,5,1,750000,45,2,1,0,0,0,0
0,5,4,1000000,60,2,2,1,0,0,0
0,5,3,1100000,60,2,2,1,0,0,0
0,4,4,1200000,75,3,2,1,0,0,0
0,4,2,1200000,65,3,2,1,0,0,0
0,4,2,1200000,75,3,2,1,0,0,0
0,4,4,1000000,62,3,2,1,0,1,0
0,4,4,780000,51,3,2,1,1,0,0
0,4,2,960000,60,3,2,0,0,0,0
0,4,2,830000,60,3,2,0,0,0,1
0,4,2,950000,60,3,2,0,0,0,0
0,4,1,850000,54,3,2,1,0,0,0
0,4,2,800000,56,3,2,0,0,0,0
0,4,5,900000,60,2,1,0,0,0,0
0,4,2,800000,60,3,2,0,0,0,0
0,4,1,900000,60,3,2,0,0,0,0
0,4,2,1000000,60,3,2,0,0,0,0
0,4,2,900000,57,3,2,1,0,0,0
0,4,1,950000,56,3,2,0,0,0,0
0,4,2,900000,60,3,2,0,0,0,0
0,4,1,950000,67,3,2,0,0,0,0
0,4,1,900000,55,3,2,0,0,0,0
0,4,5,1000000,65,3,2,0,0,0,0
0,4,4,850000,64,3,2,1,0,0,0
0,4,3,950000,60,3,2,1,0,0,0
0,4,1,1000000,60,3,2,1,0,0,0
0,4,3,980000,70,3,2,0,0,1,0
0,4,2,950000,65,3,2,1,0,0,0
0,4,2,830000,64,3,2,1,0,0,0
0,4,3,800000,67,3,2,1,0,1,0
0,5,3,850000,120,4,3,0,0,0,0
0,5,3,970000,55,4,3,0,0,0,0
0,5,2,880000,105,3,3,0,0,0,0
1,5,0,1200000,110,3,2,0,0,0,0
1,5,0,1550000,300,4,4,1,0,0,1
0,5,2,1000000,100,3,3,0,0,0,1
0,5,0,1200000,110,3,3,0,0,0,1
0,5,0,3000000,80,4,2,1,0,0,0
0,5,5,1350000,121,3,2,1,0,0,1
0,5,4,1000000,72,2,2,1,0,0,1
0,5,5,1450000,121,3,3,1,0,0,1
0,5,2,800000,110,3,3,0,1,0,0
0,5,0,980000,104,2,2,0,0,0,0
0,5,5,1350000,85,3,2,1,0,0,0
0,5,2,1100000,104,3,3,0,0,0,0
0,5,2,950000,65,2,1,1,0,0,0
1,5,0,2400000,250,7,4,1,0,0,0
1,5,0,1040000,120,4,2,1,0,0,0
1,5,0,2400000,170,6,4,1,0,0,0
1,5,0,3500000,280,3,2,0,0,0,0
1,5,0,1420000,174,3,3,1,0,0,1
1,5,0,680000,60,2,2,1,0,0,0
0,5,1,800000,80,2,1,1,0,0,0
0,4,1,750000,35,1,1,0,0,0,0
0,4,4,1250000,86,3,2,1,0,0,0
0,4,4,1200000,65,3,2,1,0,0,0
0,4,4,1400000,80,3,2,1,0,0,0
0,4,3,1250000,85,3,2,1,0,0,0
0,4,2,950000,70,2,3,1,0,0,0
0,4,2,1600000,160,3,3,0,0,0,0
0,4,1,1600000,140,3,2,0,0,0,0
0,4,6,1000000,70,2,3,1,0,0,0
0,4,0,1200000,135,3,2,1,0,0,1
0,4,4,1300000,135,3,2,1,0,0,0
0,4,1,1100000,74,2,3,1,0,0,0
0,4,0,800000,70,2,2,1,0,0,1
0,4,3,1400000,92,3,3,1,0,0,1
0,4,1,950000,73,2,2,1,0,0,1
0,4,2,1000000,68,2,2,1,0,0,1
0,4,2,1400000,90,3,3,1,0,0,1
0,4,3,1300000,100,3,3,1,0,0,1
0,4,3,1500000,110,3,3,1,0,0,0
0,4,4,1500000,98,4,3,2,0,0,1
0,4,5,1600000,90,3,2,1,0,0,0
0,4,2,1250000,75,2,2,0,0,1,1
0,4,2,1150000,75,3,2,1,0,0,0
0,4,4,1400000,80,3,3,0,0,0,0
0,4,4,1350000,70,3,2,1,0,0,0
0,4,1,820000,45,1,1,0,0,0,0
0,4,4,1150000,56,2,2,1,0,0,0
0,4,4,1100000,56,2,2,1,0,0,0
0,5,2,900000,45,1,1,1,0,0,0
0,5,4,2000000,120,4,3,1,0,0,0
1,5,0,3300000,300,5,4,1,0,0,0
1,5,0,3000000,250,7,3,1,0,0,0
1,5,0,2000000,150,5,3,1,0,0,0
1,5,0,2000000,178,5,3,1,0,0,0
1,5,0,3000000,380,6,3,2,0,0,0
1,5,0,3200000,380,6,3,2,0,0,0
0,5,2,1300000,73,3,2,1,0,0,0
0,5,3,1000000,70,3,2,1,0,0,0
0,5,5,1200000,80,3,3,1,0,1,0
0,5,2,1400000,92,3,3,1,0,1,0
0,5,2,1300000,92,3,3,1,0,0,0
0,5,4,1100000,80,3,2,1,0,0,0
0,5,4,1300000,80,3,2,1,0,0,0
0,5,2,1300000,80,4,2,1,0,0,0
0,5,3,900000,80,3,3,1,0,0,1
0,5,2,1100000,80,4,2,1,0,0,0
0,5,3,1300000,139,3,3,1,0,1,1
1,5,0,4000000,400,5,3,1,0,0,1
0,4,4,1300000,70,3,2,1,0,0,0
0,4,4,1350000,86,3,3,1,1,0,1
0,4,3,1100000,60,2,2,1,0,0,0
0,4,5,950000,48,1,1,1,0,0,0
0,4,7,1600000,74,3,3,1,0,0,1
1,4,4,1350000,80,3,3,1,0,0,1
0,4,7,700000,70,2,2,0,0,0,0
0,4,7,1100000,80,3,2,1,0,0,1
0,4,5,1000000,80,3,2,1,0,0,1
0,4,3,1300000,70,3,2,1,0,0,0
0,4,1,1400000,80,3,2,1,0,0,1
0,4,0,950000,70,3,2,1,0,0,1
0,4,1,950000,80,3,3,1,0,0,1
0,4,3,1100000,90,3,2,1,0,0,0
0,4,3,1350000,85,3,2,1,0,0,0
0,4,2,1100000,80,3,2,1,0,0,0
0,4,3,830000,55,2,1,0,0,0,0
0,4,5,950000,78,3,2,1,0,0,0
0,4,5,1000000,80,3,2,1,0,0,0
0,4,4,1300000,85,4,2,1,0,0,0
0,4,2,950000,78,3,2,1,0,0,0
0,4,2,1200000,86,3,2,1,0,0,0
0,4,5,950000,70,3,2,1,0,0,0
0,4,2,1200000,63,2,2,1,0,0,0
0,4,3,1050000,85,3,1,1,0,0,0
0,4,4,1200000,80,4,2,1,0,0,0
0,4,2,950000,78,2,2,1,0,1,0
0,4,4,1100000,86,3,2,1,0,1,0
0,4,5,950000,80,3,2,0,0,0,0
0,4,5,1000000,80,3,2,1,0,0,0
0,4,5,920000,85,3,2,1,0,0,1
0,4,2,900000,72,3,2,1,0,0,0
0,4,5,1000000,97,3,2,1,0,0,0
0,4,3,900000,75,3,2,1,0,0,0
0,4,4,850000,70,3,2,1,0,0,0
0,4,1,800000,50,1,1,1,0,0,0
0,4,2,1100000,75,3,2,1,0,0,0
0,4,7,1200000,78,3,2,1,1,0,0
0,4,0,1150000,78,2,2,1,0,0,0
0,4,9,1300000,80,3,2,1,0,0,0
1,4,1,1500000,112,4,5,1,0,0,0
0,4,1,930000,68,3,2,1,0,0,0
0,4,2,1200000,75,4,2,1,0,0,0
0,5,0,950000,85,3,3,0,0,0,0
0,4,1,650000,53,3,1,0,0,0,0
0,5,9,660000,32,1,1,0,0,0,0
0,5,8,1500000,78,3,2,1,0,0,0
0,5,0,930000,40,1,1,1,0,0,0
0,5,9,900000,35,1,1,1,0,0,0
0,5,2,900000,44,2,2,0,0,0,0
0,5,3,1150000,65,2,2,1,0,0,0
0,5,2,830000,60,2,1,1,0,0,0
0,5,6,1300000,67,2,1,1,0,1,0
0,5,7,1150000,70,2,1,1,0,0,0
0,5,2,1100000,60,2,1,1,0,0,0
0,5,6,720000,54,1,1,1,0,0,0
0,5,4,900000,70,2,2,1,0,1,0
0,5,2,950000,49,1,1,1,0,0,0
0,5,3,890000,92,3,3,1,0,0,1
0,5,2,950000,75,2,2,1,0,0,1
0,5,3,950000,92,3,3,1,0,0,1
0,5,2,1300000,174,3,3,1,0,0,1
0,5,3,960000,92,3,3,1,0,0,0
0,5,1,450000,25,1,1,0,0,0,0
0,5,1,1100000,115,3,3,1,0,0,1
0,5,2,1400000,150,3,2,1,0,1,0
0,5,4,850000,55,2,3,0,0,0,0
0,5,3,1200000,90,3,2,0,0,0,0
0,5,3,1050000,120,3,2,1,0,0,0
0,5,4,1200000,60,2,2,1,0,0,0
1,5,0,2150000,300,4,4,0,0,0,1
1,5,0,1650000,300,5,4,0,0,0,1
0,5,2,1200000,87,3,2,1,0,0,0
0,5,2,950000,54,2,1,1,0,1,0
0,5,3,1100000,54,1,1,1,0,0,0
0,5,4,750000,59,1,2,1,0,0,0
0,5,1,740000,70,2,1,1,0,0,0
0,5,4,890000,60,1,1,1,0,0,0
0,5,3,950000,55,1,1,1,0,0,0
0,5,4,1300000,105,3,3,1,0,1,0
0,5,4,850000,87,3,3,1,0,0,0
0,5,4,950000,73,2,2,1,0,0,0
0,5,4,950000,73,2,2,1,0,0,0
1,5,0,880000,110,3,2,1,0,0,1
0,5,5,750000,50,2,1,0,0,0,0
1,5,0,2000000,160,5,5,0,1,0,1
1,5,0,1500000,240,6,2,0,0,0,0
1,5,0,1300000,162,4,3,0,0,0,1
0,5,2,1200000,89,3,3,1,0,0,0
0,5,3,1250000,80,3,3,1,0,0,0
1,5,0,2500000,250,5,3,2,0,0,0
0,5,1,900000,88,3,2,0,0,0,0
0,5,1,850000,88,2,2,0,0,0,0
1,5,0,1100000,75,2,1,0,0,0,0
0,4,1,400000,25,1,1,0,0,0,0
0,4,1,370000,35,1,1,0,0,0,0
0,4,1,500000,35,1,1,1,0,0,0
0,4,0,270000,25,1,1,0,0,0,0
0,4,0,290000,25,1,1,0,0,0,0
0,4,0,290000,25,1,1,0,0,0,0
0,4,2,1000000,130,3,3,1,0,0,1
0,4,4,1400000,140,5,4,0,0,0,0
0,4,5,1200000,120,3,3,1,0,0,1
0,4,6,1200000,120,2,3,1,0,0,0
0,4,8,1100000,125,3,3,1,0,0,1
0,4,5,1500000,120,3,3,1,0,0,0
0,4,6,1000000,135,4,4,1,0,0,1
0,4,5,1200000,84,3,2,1,0,0,1
0,4,3,1300000,70,2,3,1,0,0,1
0,4,3,930000,99,3,3,1,0,0,1
0,4,6,390000,40,1,1,0,0,0,0
0,4,1,330000,35,1,1,0,0,0,0
0,4,1,350000,28,1,1,0,0,0,0
0,4,1,1400000,100,3,2,2,0,0,0
0,4,6,370000,35,1,1,0,0,0,0
0,4,2,1500000,96,3,3,1,1,0,1
1,4,0,1200000,100,3,2,0,0,0,0
0,4,3,630000,85,3,2,0,0,0,0
1,4,0,2500000,170,1,5,0,0,0,0
0,4,2,1200000,110,5,2,0,0,0,0
0,4,2,700000,65,3,2,0,0,0,0
0,4,4,690000,65,2,2,1,0,0,1
0,4,2,1000000,105,3,2,1,0,0,0
0,4,3,900000,105,2,2,1,0,0,0
1,4,0,3000000,380,6,5,2,0,0,0
1,5,0,1100000,160,3,3,0,0,0,1
0,5,3,550000,35,1,1,0,0,0,0
1,5,0,1100000,140,4,2,0,0,0,0
0,5,3,1200000,100,3,2,1,0,0,0
1,5,1,11500000,610,15,10,2,1,0,0
0,5,4,1800000,89,3,2,1,0,0,0
0,5,2,1450000,137,3,2,0,0,0,0
1,5,0,5500000,230,5,3,0,0,0,0
0,5,4,1200000,102,3,3,1,0,0,0
0,5,3,1400000,83,3,3,1,0,0,0
0,5,3,1100000,60,3,2,1,0,0,0
1,5,0,8500000,460,8,6,1,0,0,0
0,4,2,770000,45,1,2,1,0,0,0
0,4,0,1280000,60,2,2,1,0,0,0
0,4,2,1100000,77,2,2,1,0,0,0
0,4,3,1200000,68,3,2,0,0,0,0
0,4,5,1250000,80,3,2,1,0,0,0
0,4,5,1400000,80,3,2,1,0,0,0
0,4,3,1000000,66,3,2,1,0,0,0
0,4,0,900000,67,2,2,0,0,0,0
0,4,3,1400000,70,3,2,1,0,0,0
0,4,5,1300000,75,3,2,1,0,0,0
0,4,3,1250000,75,3,2,1,0,0,0
0,4,3,1000000,70,3,2,1,0,0,0
0,4,4,1250000,70,3,2,1,0,0,0
0,4,1,700000,47,1,1,1,0,0,0
0,4,0,800000,38,1,1,0,0,0,0
0,4,2,650000,45,1,1,0,0,0,0
0,4,4,800000,60,2,1,1,0,0,0
0,4,2,1400000,116,3,2,2,0,1,0
0,4,4,920000,60,2,2,1,0,0,0
0,4,0,1300000,60,2,2,1,0,0,0
0,4,6,1150000,82,3,2,1,0,0,0
0,4,2,1100000,65,2,2,1,0,0,0
0,4,4,830000,72,3,2,1,0,0,0
0,4,4,850000,78,3,2,1,0,0,0
1,5,0,2200000,240,5,3,1,0,1,1
1,5,0,560000,36,1,1,0,0,0,0
1,5,0,1200000,80,3,2,1,0,0,0
1,5,0,1120000,100,4,2,0,0,0,0
0,5,3,1450000,100,4,3,0,0,0,0
1,5,1,1300000,155,4,2,0,0,0,0
1,5,0,1200000,110,4,2,0,0,0,0
1,5,2,1250000,160,4,2,0,0,0,0
0,5,1,400000,35,1,1,0,0,0,0
0,5,0,900000,40,1,1,0,0,0,0
0,5,5,850000,64,3,2,0,0,0,0
0,4,3,800000,76,2,1,0,0,1,0
0,4,3,980000,65,2,2,0,0,0,0
0,4,0,950000,75,2,2,0,0,0,0
0,5,4,1400000,100,3,2,1,0,0,0
1,5,0,950000,80,2,1,0,0,0,0
0,5,3,830000,47,2,1,0,0,0,0
0,4,4,1100000,80,3,2,1,0,0,0
0,4,5,1100000,105,5,3,1,0,0,0
0,4,4,1150000,80,3,2,1,0,0,0
0,4,5,1350000,105,4,3,0,0,0,0
0,4,5,1250000,110,3,3,1,0,0,0
0,4,5,1350000,100,4,3,0,0,0,0
0,4,2,1300000,70,3,2,1,0,0,0
0,4,4,1000000,75,3,2,0,0,0,0
0,4,2,950000,66,3,2,1,0,0,0
0,4,4,850000,66,3,2,0,0,0,0
0,4,1,700000,55,2,2,0,0,0,0
0,5,0,820000,75,3,2,0,0,0,0
0,5,4,1000000,80,3,2,0,0,0,0
1,5,0,1200000,143,3,2,1,0,0,1
0,5,4,1050000,79,3,1,0,0,0,0
1,5,0,1550000,280,4,2,1,0,0,0
1,5,0,1200000,200,5,3,0,0,0,1
0,5,2,1400000,64,2,2,1,0,0,0
0,5,4,1300000,70,2,2,1,0,0,0
0,5,1,1400000,80,3,2,1,0,0,0
0,5,1,1400000,70,3,2,1,0,0,0
0,5,3,1250000,60,2,2,1,0,0,0
0,5,3,1500000,60,3,2,1,0,0,0
0,5,3,1700000,65,2,2,0,0,0,0
0,5,4,1650000,57,2,2,1,0,0,0
0,5,4,1100000,110,3,4,1,0,0,1
0,5,2,1300000,85,3,2,1,0,0,0
0,5,3,900000,80,2,2,0,0,0,0
0,5,2,600000,34,1,1,0,0,0,0
0,5,0,530000,40,1,1,0,0,1,0
1,5,0,1900000,90,3,2,0,0,0,0
1,5,0,3200000,300,13,8,2,0,0,1
0,5,0,900000,65,2,1,1,0,0,0
1,5,0,6500000,370,4,3,0,0,0,0
0,5,1,950000,65,2,1,1,0,0,0
0,5,3,1100000,60,2,2,1,0,0,0
0,5,3,950000,60,2,2,0,0,0,0
0,5,5,1200000,95,3,2,1,0,0,0
0,5,3,950000,55,2,2,0,0,0,0
0,5,5,1200000,95,3,2,1,0,0,0
0,5,4,1700000,56,3,2,1,0,0,0
0,5,3,1000000,110,3,2,0,0,0,0
1,5,0,1500000,90,2,2,2,0,0,0
1,5,1,1600000,110,2,3,0,0,0,0
0,5,4,1300000,100,3,3,1,0,1,1
0,5,3,1200000,103,3,2,1,1,1,1
1,5,0,2000000,250,5,3,1,0,0,0
1,5,0,1100000,56,2,1,0,0,0,0
1,5,0,1100000,50,2,1,0,0,0,0
0,5,0,1100000,55,2,2,0,0,0,0
1,5,0,2000000,170,3,2,2,0,0,1
1,5,0,3800000,200,5,3,2,0,0,0
1,5,0,2400000,168,3,2,1,1,1,1
0,5,3,950000,50,2,2,1,0,0,0
0,5,4,850000,72,2,2,0,0,0,0
0,5,4,850000,60,2,2,0,0,0,0
0,5,5,950000,65,3,2,0,0,0,0
0,5,4,880000,72,2,2,0,0,0,0
0,5,4,760000,60,3,2,0,0,0,0
0,5,3,1300000,78,2,3,1,0,0,1
0,5,2,1300000,90,3,2,1,0,0,1
0,5,3,1100000,90,2,3,1,1,0,1
0,5,8,1300000,140,3,4,1,0,0,1
1,5,0,3000000,280,4,5,1,0,0,1
1,5,0,3000000,280,4,5,1,0,0,1
1,5,0,3000000,200,4,4,1,0,0,1
1,5,0,2250000,300,4,3,1,0,0,1
0,5,3,2000000,130,4,2,0,0,0,0
0,5,2,1200000,27,4,2,0,0,0,0
0,5,4,1200000,120,4,2,0,0,1,0
0,5,3,1200000,140,5,3,0,0,0,0
0,5,3,1200000,60,3,2,0,0,0,0
0,5,4,700000,52,2,1,0,0,0,0
0,5,0,1200000,105,3,2,0,0,0,0
0,5,4,1000000,50,2,1,0,0,0,0
1,5,0,3650000,388,4,5,3,1,1,0
0,5,4,950000,105,3,2,0,0,0,0
0,5,0,740000,30,1,1,0,0,0,0
0,5,2,780000,70,2,2,1,0,0,0
0,5,2,1550000,76,1,2,1,0,0,1
0,5,2,2500000,180,3,4,1,0,0,1
0,5,2,1300000,120,3,2,2,0,0,0
0,5,2,1500000,106,3,2,2,0,0,0
0,5,2,1350000,77,3,2,1,0,1,0
0,5,2,1300000,77,3,2,1,0,0,0
1,5,0,3500000,220,4,5,0,0,0,1
1,5,0,4500000,200,4,4,1,0,0,0
1,5,0,4500000,430,9,6,1,0,0,1
1,5,0,2000000,370,4,4,1,0,0,0
1,5,0,3800000,250,4,3,2,0,0,1
1,5,0,3500000,230,4,3,2,0,0,0
1,5,0,3000000,110,4,1,1,0,0,0
0,5,2,700000,45,1,1,0,0,0,0
0,5,2,850000,45,1,1,0,0,0,0
0,5,2,750000,45,1,1,0,0,0,0
0,5,5,800000,60,1,1,0,0,0,0
0,5,4,950000,60,2,1,1,0,0,0
0,5,7,750000,60,1,1,0,0,0,0
0,5,2,800000,45,1,1,0,0,0,0
0,5,3,850000,65,2,2,1,0,0,0
0,5,4,950000,48,2,1,0,0,0,0
0,5,2,1300000,107,4,2,0,0,0,0
0,5,4,950000,68,2,2,1,0,0,0
0,5,3,1200000,85,4,2,0,0,0,0
0,5,0,1500000,100,3,2,0,0,0,0
0,5,2,1700000,84,3,2,1,0,0,0
0,5,2,1650000,80,3,2,1,0,0,0
0,5,2,650000,14,1,1,1,0,0,0
0,5,5,1450000,75,3,2,1,0,0,0
0,5,8,1500000,78,3,2,1,0,0,0
0,5,5,1550000,80,3,2,1,0,0,0
0,5,2,1800000,80,3,2,1,0,1,0
0,5,5,1350000,150,4,3,1,0,0,0
0,5,4,950000,80,3,2,1,0,0,0
0,5,3,1450000,87,3,2,1,0,1,0
0,5,4,1800000,100,3,2,1,0,0,0
0,5,4,1800000,110,3,2,1,0,0,0
0,5,5,1700000,110,3,3,1,1,0,0
0,5,5,1800000,110,3,2,1,0,0,0
0,5,2,1800000,110,3,2,1,0,0,0
0,5,1,850000,90,2,2,0,0,0,0
0,5,3,2300000,230,6,4,0,0,1,1
0,5,0,1500000,100,2,2,1,0,0,0
1,5,0,2000000,120,3,2,1,0,0,0
1,5,0,1900000,190,3,2,1,0,0,0
1,5,0,1200000,130,3,3,2,0,0,0
1,5,0,1300000,130,3,3,1,0,0,0
1,5,0,1700000,130,3,3,1,0,0,0
0,5,1,1700000,116,3,2,0,0,0,0
0,5,2,1100000,58,2,2,0,0,0,0
0,5,2,1250000,75,3,2,0,0,0,0
0,5,2,1200000,90,3,2,0,0,0,0
0,5,0,1200000,110,3,2,0,0,0,0
1,5,0,5500000,320,7,5,0,0,0,0
1,5,0,2200000,200,6,1,1,0,0,0
0,5,2,1700000,70,4,4,0,0,0,0
0,5,2,2000000,120,5,2,0,0,0,0
0,5,7,1300000,85,3,3,1,0,0,1
0,5,5,1650000,101,3,2,1,0,0,0
0,5,4,1700000,101,3,2,1,0,0,0
0,5,3,1550000,98,3,2,1,0,0,0
0,5,3,1750000,102,3,2,1,0,1,0
0,5,5,1000000,85,3,2,1,0,0,0
0,5,5,1500000,101,3,2,1,0,0,0
0,5,6,1550000,100,3,2,1,0,0,0
0,5,3,1650000,101,3,2,1,0,0,0
0,5,7,1600000,102,3,2,1,0,0,0
0,5,5,1600000,100,3,2,1,0,1,0
1,5,1,1300000,120,2,2,1,0,0,0
1,5,0,1500000,110,2,2,1,0,0,0
1,5,0,3800000,200,5,3,1,0,0,0
1,5,0,1350000,120,3,3,1,0,0,1
1,5,0,1200000,170,4,2,1,0,0,0
1,5,0,1750000,172,5,2,1,0,0,0
1,5,0,2500000,200,6,3,1,0,0,0
1,5,0,2700000,250,6,3,1,0,0,1
1,5,0,3200000,240,4,4,1,0,0,0
1,5,0,800000,50,2,1,0,0,0,0
1,5,0,1700000,100,3,2,0,0,0,0
0,5,2,800000,60,2,1,0,0,0,0
1,5,0,1750000,100,3,3,1,0,0,0
0,5,2,650000,30,1,1,0,0,0,0
0,5,4,700000,40,1,1,0,0,0,0
0,5,2,510000,32,1,1,0,0,0,0
0,5,0,650000,30,1,1,0,0,0,0
0,5,4,670000,40,1,1,0,0,0,0
0,5,4,640000,40,1,1,0,0,0,0
0,5,2,640000,30,1,1,0,0,0,0
0,5,3,420000,32,1,1,0,0,0,0
0,5,2,460000,32,1,1,0,0,0,0
0,5,2,750000,60,2,2,0,0,0,0
0,5,2,500000,30,1,1,0,0,0,0
1,5,0,2500000,300,5,3,1,0,0,0
0,5,6,1200000,100,3,2,1,1,0,0
0,5,2,1200000,80,2,2,1,0,0,0
0,5,6,1600000,100,3,2,1,0,0,0
1,5,0,3500000,200,6,3,0,0,0,0
0,5,3,1600000,80,3,2,1,0,0,0
0,5,7,1600000,98,3,2,1,0,0,0
0,5,2,1750000,100,3,2,1,0,1,0
0,5,9,1100000,48,1,1,1,0,0,0
0,5,3,950000,45,1,2,1,0,0,0
1,5,0,2400000,250,4,3,0,0,0,0
0,5,10,2300000,106,3,2,3,0,0,0
0,5,9,1700000,80,2,2,1,0,0,0
1,5,0,2200000,145,3,2,1,0,0,1
0,5,3,790000,50,1,1,1,0,0,0
0,5,3,870000,47,1,1,1,0,0,0
0,5,4,1150000,80,2,1,1,0,0,0
0,5,1,1100000,75,2,1,1,0,0,0
0,5,2,750000,46,1,1,0,0,0,0
0,5,5,1180000,160,2,3,1,0,0,0
0,5,4,1050000,68,2,1,1,0,0,0
0,5,4,900000,45,1,1,1,0,0,0
0,5,5,1250000,56,2,2,1,0,0,0
0,5,1,1100000,85,2,1,1,0,0,0
0,5,2,1250000,100,3,2,1,0,0,0
0,5,4,1000000,45,1,1,1,0,0,0
0,5,3,920000,41,1,1,1,0,0,0
0,5,7,1550000,100,3,2,1,0,0,1
0,5,2,1200000,70,2,2,1,0,0,0
0,5,7,1050000,65,2,2,1,0,0,0
0,5,1,1200000,40,1,1,0,0,0,0
0,5,4,1300000,100,3,2,1,0,0,0
0,5,1,1000000,27,1,1,0,0,0,0
0,5,4,1200000,58,2,2,1,0,0,0
0,5,5,1500000,80,3,1,1,0,0,0
0,5,7,2500000,100,3,2,1,0,0,0
0,5,6,1500000,80,3,1,1,0,0,0
0,5,7,950000,75,2,2,1,0,0,0
1,5,0,3000000,120,4,2,0,0,0,0
0,5,6,1350000,75,3,2,1,0,0,0
0,5,2,1250000,70,2,2,1,0,0,0
0,5,5,1200000,100,3,2,1,0,0,0
0,5,5,1900000,85,3,2,1,0,0,0
0,5,8,1400000,85,3,2,1,0,1,0
0,5,6,1100000,60,3,2,1,0,0,0
0,5,6,1400000,78,3,2,1,0,0,0
0,5,1,2300000,90,4,2,1,0,0,0
1,5,0,3500000,360,4,3,1,0,0,0
0,5,1,2400000,160,4,3,1,0,0,1
0,5,1,1200000,56,2,2,1,0,0,0
1,5,0,4500000,300,6,4,1,0,0,0
0,5,5,950000,110,3,3,1,0,0,1
0,5,4,1000000,100,3,3,1,0,0,1
0,5,3,1500000,124,3,3,1,1,0,1
0,5,3,850000,45,1,1,1,0,0,0
0,5,5,950000,38,1,1,1,0,0,0
0,5,8,950000,72,2,2,1,0,0,0
0,5,7,1320000,66,2,2,1,0,1,0
0,5,6,1500000,63,2,2,1,0,1,0
0,5,2,920000,48,1,1,1,0,0,0
0,5,10,680000,46,1,1,1,0,0,0
0,5,7,620000,28,1,1,0,0,0,0
0,5,2,750000,45,1,1,1,0,0,0
0,5,7,750000,30,1,1,1,0,0,0
0,5,3,950000,46,1,1,1,0,0,0
0,5,5,650000,40,1,1,0,0,0,0
0,5,6,1100000,45,1,1,1,0,0,0
0,5,2,1200000,104,2,3,1,0,0,1
0,5,3,1100000,80,2,2,1,0,1,0
0,5,7,1300000,70,2,2,1,0,0,0
0,5,4,1300000,80,2,2,1,0,0,1
0,5,4,1350000,70,2,2,1,0,0,1
0,5,6,1500000,68,2,2,1,0,0,0
0,5,6,1400000,85,2,2,1,0,0,0
0,5,11,1200000,78,1,1,1,0,0,0
0,5,6,1800000,78,2,2,1,0,0,0
0,5,5,2000000,157,3,4,2,0,1,1
0,5,2,1500000,88,3,2,0,0,0,0
0,5,2,1500000,86,3,2,0,0,0,0
0,5,1,900000,40,1,1,0,0,0,0
0,5,2,1000000,70,3,2,0,0,0,0
0,5,2,1100000,70,3,2,0,0,0,0
1,5,0,1000000,130,3,2,0,0,0,0
1,5,0,6000000,480,5,3,1,0,0,0
0,5,0,1800000,200,4,4,0,0,0,0
0,5,2,1100000,90,3,2,0,0,0,0
0,5,2,1000000,90,3,2,0,0,0,0
1,5,0,1500000,100,3,2,1,0,0,0
1,5,0,1400000,110,4,3,0,0,0,0
1,5,0,940000,80,3,2,0,0,0,0
1,5,0,5500000,800,10,4,2,0,0,0
0,5,3,1700000,140,4,2,0,1,0,0
0,5,3,1200000,123,4,2,0,0,0,0
1,5,0,1550000,110,4,2,0,0,0,0
0,5,1,820000,47,1,1,0,0,0,0
0,5,4,1300000,100,3,2,1,0,0,0
0,5,1,690000,48,1,1,0,0,0,0
0,5,4,1380000,72,3,2,1,0,0,0
0,5,3,950000,100,2,2,1,1,0,0
0,5,3,1350000,100,2,2,1,0,0,0
0,5,1,1350000,180,3,3,1,0,0,0
0,5,4,680000,55,2,1,0,0,0,0
0,5,2,800000,86,3,2,0,0,0,0
0,5,2,1400000,100,3,2,0,0,0,0
0,5,2,980000,200,2,1,0,0,0,0
0,5,3,1200000,80,3,2,1,0,0,1
0,5,1,2100000,110,4,3,0,0,1,1
0,5,2,1500000,75,3,2,0,0,0,0
0,5,4,1900000,110,3,2,1,0,0,0
0,5,0,1600000,250,4,3,0,0,0,1
0,5,3,1200000,142,3,3,1,0,0,1
0,5,4,1100000,88,3,2,1,0,0,0
0,5,5,1450000,90,3,2,1,0,0,0
0,5,4,950000,55,1,1,0,0,0,0
0,5,1,1100000,85,3,2,1,0,1,0
0,5,5,1450000,90,3,2,1,0,0,0
0,5,2,1200000,95,3,2,1,0,0,0
0,5,2,1600000,80,3,2,1,0,0,0
0,5,3,1450000,84,3,2,1,0,0,0
0,5,3,1250000,65,3,2,1,0,0,0
0,5,6,1450000,80,3,2,1,0,0,0
0,5,5,1400000,85,3,2,1,0,0,0
1,5,0,2100000,200,4,3,1,0,0,0
1,5,0,750000,43,1,1,0,0,0,0
1,5,0,750000,80,2,1,0,0,0,0
1,5,0,900000,70,2,1,0,0,0,0
1,5,0,2000000,180,4,3,1,0,0,1
1,5,0,1100000,120,4,2,0,0,1,0
1,5,0,1300000,120,4,2,0,0,0,0
1,5,0,1700000,140,5,4,1,0,1,1
1,5,0,5500000,500,5,6,1,0,0,1
1,5,0,3000000,280,4,4,1,0,1,1
0,5,3,700000,90,3,2,0,0,0,1
0,5,4,1000000,50,1,1,1,0,0,0
0,5,5,1500000,110,3,3,1,0,0,1
0,5,6,800000,45,1,1,1,0,0,0
0,5,6,1100000,60,2,1,1,0,0,0
0,5,3,800000,55,2,1,1,0,0,0
1,5,0,800000,55,2,2,1,0,0,0
1,5,0,2900000,200,4,3,1,0,0,0
1,5,0,1390000,150,4,3,1,0,0,0
1,5,0,650000,25,1,1,0,0,0,0
0,5,1,2200000,196,5,4,0,0,0,0
0,5,0,800000,160,4,4,0,0,0,1
1,5,0,700000,90,2,3,0,0,0,1
0,5,2,1700000,180,5,3,0,0,0,0
0,5,3,1350000,85,3,2,1,0,0,0
0,5,2,850000,100,3,2,1,0,0,0
0,5,3,1250000,100,3,2,1,0,0,0
0,5,3,1350000,110,3,2,1,0,0,0
0,5,3,1000000,100,3,2,1,0,0,0
1,5,0,3000000,300,4,4,2,0,1,1
1,5,0,1400000,120,3,2,0,0,0,1
1,5,0,1200000,100,3,2,0,0,0,0
0,5,2,900000,52,2,2,0,0,0,0
0,5,2,780000,65,2,2,0,0,0,0
0,5,5,1200000,51,2,2,1,0,0,0
0,5,9,900000,52,2,2,0,0,0,0
0,5,5,1100000,55,2,2,1,0,0,0
0,5,6,1300000,60,3,2,1,0,0,0
0,5,2,750000,50,2,2,0,0,0,0
0,5,13,800000,56,2,2,0,0,0,0
0,5,2,800000,54,2,2,0,0,0,0
0,5,2,900000,52,2,2,1,0,0,0
0,5,7,900000,55,2,2,0,0,0,0
0,4,9,1200000,65,2,2,1,0,0,0
0,4,8,1000000,50,2,2,1,0,0,0
0,4,5,1600000,82,3,2,1,0,0,0
0,4,6,1000000,86,3,2,1,0,0,0
0,4,3,1100000,58,2,1,1,0,0,0
0,4,3,1200000,60,2,2,1,0,0,0
0,4,2,610000,25,1,1,1,0,0,0
0,4,3,700000,58,1,1,0,0,0,0
0,4,3,1500000,90,3,2,1,0,0,0
0,4,7,1000000,50,1,1,1,0,0,0
0,4,6,900000,47,1,2,1,0,0,0
0,4,6,1000000,50,1,2,1,0,0,0
0,4,8,800000,43,1,1,1,0,0,0
0,4,3,870000,50,1,2,1,0,0,0
0,4,2,700000,55,1,1,1,0,0,0
0,4,2,1650000,120,3,2,1,0,0,1
0,4,5,1600000,110,4,2,1,0,0,0
0,4,5,1600000,134,4,4,1,0,0,0
0,4,5,1600000,140,4,3,1,0,0,0
0,4,1,900000,76,3,2,1,0,0,0
0,4,1,500000,40,1,1,0,0,0,0
0,4,4,1000000,65,3,2,1,0,0,0
0,4,4,870000,65,3,2,1,0,0,0
0,4,4,1250000,70,3,2,1,0,0,0
0,4,2,1300000,98,4,3,0,0,0,0
1,4,0,1300000,130,3,2,1,0,0,0
0,4,2,1200000,160,4,2,0,0,0,0
0,4,3,750000,55,2,1,0,0,0,0
0,4,0,700000,90,4,2,0,0,0,0
0,4,2,650000,58,2,2,0,0,0,0
0,4,2,750000,52,2,2,0,0,0,0
0,4,1,950000,70,2,2,0,0,0,0
0,4,4,900000,75,3,2,0,0,0,0
0,4,3,1100000,64,3,2,1,0,0,0
0,4,4,850000,75,2,1,0,0,0,0
0,4,3,850000,60,1,1,1,0,0,0
0,4,4,750000,68,2,1,0,0,0,0
0,4,4,720000,75,2,2,0,0,0,0
0,4,3,720000,60,2,1,0,0,0,0
0,4,4,1300000,120,4,2,0,0,0,0
0,4,1,1500000,100,3,2,1,0,0,0
0,4,2,980000,110,4,2,0,0,0,0
0,4,2,700000,100,3,2,0,0,0,0
0,4,2,1400000,120,3,3,0,0,0,1
0,4,3,750000,82,3,3,0,0,0,0
1,4,0,2300000,178,7,4,0,0,0,0
0,4,3,600000,112,3,2,0,0,0,1
0,4,1,450000,35,1,1,0,0,0,0
0,4,3,650000,35,1,1,0,0,0,0
0,4,4,700000,42,1,1,1,0,0,0
0,4,2,750000,50,1,2,0,0,0,0
0,4,4,580000,35,1,1,1,0,0,0
0,4,4,680000,45,1,1,1,0,0,0
0,4,3,700000,51,1,1,1,0,0,0
0,4,2,600000,44,1,1,1,0,0,0
0,4,4,800000,35,1,1,1,0,0,0
0,4,4,600000,35,1,1,1,0,0,0
0,4,1,750000,30,1,2,0,0,0,0
0,4,2,600000,40,1,1,1,0,0,0
0,4,1,670000,40,1,2,0,0,0,0
0,4,2,900000,35,1,1,1,0,0,0
0,4,0,1700000,125,4,2,0,1,0,0
0,4,3,600000,130,3,2,0,0,0,0
0,4,3,1100000,91,3,2,0,0,0,0
0,4,0,750000,60,2,2,0,0,0,0
0,4,2,750000,100,4,2,0,0,0,0
1,4,0,1000000,100,2,2,0,0,0,0
0,4,4,1000000,120,5,2,0,1,1,0
0,4,0,550000,16,1,1,0,0,0,0
0,4,0,1400000,155,3,2,1,1,0,0
0,4,4,1400000,150,3,2,0,0,0,0
0,4,4,600000,45,1,1,0,0,0,0
0,4,3,580000,65,2,1,0,0,0,0
0,4,4,600000,45,1,1,0,0,0,0
0,4,5,950000,55,2,1,0,0,0,0
0,4,2,650000,55,2,1,0,0,0,0
0,4,2,900000,50,2,1,0,0,0,0
0,4,3,730000,42,1,1,0,0,0,0
0,4,1,770000,58,2,1,0,0,0,0
0,4,0,550000,50,1,1,0,0,0,0
0,4,1,430000,40,1,1,0,0,0,0
0,4,3,1380000,70,3,2,1,0,0,0
0,4,2,1000000,80,2,2,1,0,0,0
0,4,3,1300000,89,2,2,1,0,0,0
0,4,3,950000,76,2,2,1,0,0,0
0,4,1,1500000,101,2,2,1,1,0,0
1,4,0,1200000,150,4,2,1,0,0,0
1,4,0,1200000,160,4,2,1,0,0,0
1,4,0,1000000,175,4,2,1,0,0,0
0,4,0,1400000,54,2,2,2,0,0,0
0,4,4,930000,60,2,2,1,0,0,0
0,4,6,900000,63,2,2,1,0,0,0
0,4,4,590000,45,1,2,0,0,0,0
0,4,3,680000,40,1,2,1,0,0,0
0,4,1,780000,30,1,1,0,0,0,0
0,4,5,1100000,65,2,2,1,0,0,0
0,4,6,600000,45,1,2,0,0,0,0
0,4,7,600000,55,1,1,0,0,0,0
0,4,4,1000000,58,2,2,1,0,0,0
0,4,4,650000,45,1,1,1,0,0,0
0,4,6,570000,28,1,2,0,0,0,0
0,4,6,800000,65,2,2,0,0,0,0
0,4,4,900000,67,3,2,1,0,0,0
0,4,5,600000,42,1,2,0,0,0,0
0,4,4,700000,40,1,2,1,0,0,0
0,4,1,480000,30,1,1,0,0,0,0
1,4,0,750000,90,4,2,0,0,0,0
1,4,0,690000,144,3,2,0,0,0,0
1,4,2,790000,144,3,2,0,0,0,0
1,4,0,750000,144,3,2,0,0,0,0
1,4,0,800000,80,2,2,0,0,0,0
1,5,0,950000,80,4,2,0,0,0,0
0,4,3,720000,45,1,1,1,0,0,0
0,4,3,700000,45,1,1,1,0,0,0
0,5,4,900000,66,2,2,0,0,0,0
0,4,4,1000000,72,2,2,1,0,0,1
0,4,4,1300000,72,2,2,1,0,0,0
0,4,1,630000,42,1,1,0,0,0,0
0,4,2,1380000,65,3,2,1,0,0,0
0,4,3,1150000,50,1,2,1,0,0,0
0,4,1,1200000,78,3,2,1,0,0,0
0,4,2,1100000,65,2,2,1,0,0,0
0,4,5,1000000,60,2,2,1,0,0,0
0,4,1,1350000,78,3,2,1,0,0,0
0,5,3,720000,50,1,1,0,0,0,0
0,5,3,850000,60,2,2,0,0,0,0
0,4,1,1600000,78,3,2,1,0,0,0
0,4,5,1700000,135,4,3,1,0,0,0
0,5,5,800000,68,3,2,0,0,0,0
1,5,0,1000000,125,3,2,0,0,0,0
0,4,3,950000,62,3,2,1,0,0,0
1,4,0,2000000,120,3,2,2,0,0,0
1,4,0,1300000,110,4,2,0,0,0,0
1,4,0,1300000,95,3,2,0,0,0,0
1,5,0,1650000,180,6,2,1,0,0,0
1,5,0,1000000,150,4,2,1,0,0,0
1,5,0,1500000,180,6,2,1,0,0,0
0,5,2,1700000,112,3,3,1,0,1,1
0,5,0,700000,70,1,1,1,0,0,0
0,5,5,980000,40,1,1,0,0,0,0
0,5,0,760000,45,1,1,0,0,0,0
0,5,0,750000,30,1,1,0,0,0,0
0,5,0,600000,40,1,1,0,0,0,0
0,5,0,780000,45,1,1,1,0,0,0
0,5,4,980000,58,2,2,1,0,0,0
0,5,3,680000,45,1,1,0,0,0,0
0,5,3,920000,34,1,1,1,0,0,0
0,5,4,1100000,58,2,2,1,0,0,0
0,5,5,980000,48,2,2,1,0,0,0
0,5,2,900000,34,1,1,1,0,0,0
0,5,2,700000,45,1,1,0,0,0,0
0,5,5,1450000,92,3,2,1,0,0,1
0,5,0,1000000,95,2,2,1,0,0,0
0,5,5,1000000,65,2,2,1,0,0,0
0,5,6,1600000,87,3,2,1,0,0,0
0,5,5,1450000,84,3,3,1,0,0,1
1,5,3,650000,78,3,2,0,0,0,0
0,5,4,780000,40,1,1,0,0,0,0
0,5,8,780000,40,1,1,0,0,0,0
0,5,9,680000,39,1,1,0,0,0,0
0,5,0,620000,45,1,1,0,0,0,0
0,5,5,1200000,55,2,1,0,0,0,0
0,5,2,1200000,50,2,1,0,0,0,0
0,5,7,1100000,55,2,1,1,0,0,0
0,5,4,950000,54,2,1,0,0,0,0
0,5,6,980000,50,2,1,0,0,0,0
0,5,3,1000000,50,2,1,0,0,0,0
0,5,10,850000,37,1,1,0,0,0,0
0,5,3,940000,54,2,1,0,0,0,0
0,5,0,980000,60,2,1,0,0,0,0
0,5,9,900000,70,2,1,0,0,0,0
0,5,6,900000,74,2,1,0,0,0,0
1,5,0,1200000,130,5,3,0,0,1,0
1,5,0,1700000,120,4,3,0,0,0,1
1,5,0,700000,28,1,1,0,0,0,0
1,5,0,650000,28,1,1,0,0,0,0
0,5,2,900000,85,3,2,0,0,0,0
1,5,0,1600000,100,3,2,1,0,0,0
1,5,0,2900000,350,4,6,0,0,0,0
0,5,3,900000,94,3,3,1,1,0,1
0,5,2,780000,65,2,2,1,0,0,0
1,5,5,1350000,70,3,2,1,0,0,0
1,5,0,740000,50,1,1,0,0,0,0
1,5,0,900000,65,1,2,0,0,0,0
0,4,2,1200000,60,2,2,0,0,0,0
1,4,0,1700000,159,4,3,0,0,0,0
1,4,0,2200000,135,3,3,1,0,0,0
1,4,0,530000,110,3,2,0,0,0,0
1,4,0,1500000,174,4,4,1,0,0,0
1,5,0,800000,116,4,2,1,0,0,0
1,4,0,1550000,155,4,3,0,0,0,0
1,4,0,1450000,150,4,3,0,1,0,0
1,4,2,1100000,90,3,2,1,0,0,0
0,5,2,2000000,230,5,3,0,0,0,0
0,5,2,750000,65,2,1,0,0,0,0
0,5,2,1500000,120,4,2,1,0,0,0
0,5,4,750000,35,1,1,0,0,0,0
0,5,0,750000,45,1,1,0,0,0,0
1,4,0,1300000,120,4,2,0,0,0,0
1,4,2,1200000,110,3,1,0,0,0,0
1,4,0,1500000,180,3,3,1,0,0,0
1,5,0,1000000,60,3,1,0,0,0,0
0,4,4,700000,75,2,2,0,0,0,0
1,5,0,850000,105,3,2,0,0,0,0
1,5,0,800000,35,1,1,0,0,0,0
0,4,4,750000,65,2,2,1,0,0,0
0,4,3,870000,70,2,2,0,0,0,0
0,4,5,860000,35,1,1,1,0,0,0
0,4,5,590000,35,1,1,1,0,0,0
0,4,1,280000,13,1,1,0,0,0,0
0,4,1,280000,13,1,1,0,0,0,0
0,4,0,600000,31,1,1,0,0,0,0
0,4,2,2000000,240,3,3,1,0,0,1
0,4,3,2300000,200,3,3,1,0,0,0
0,4,3,1100000,72,2,2,1,0,0,0
0,4,4,800000,58,2,2,1,0,0,0
0,4,3,1000000,65,3,2,1,0,0,0
0,4,4,1050000,58,2,2,1,0,0,0
0,4,2,450000,35,1,1,0,0,0,0
0,4,3,550000,60,2,1,0,0,0,0
0,5,5,950000,70,3,2,1,0,0,0
0,5,3,1100000,65,3,3,0,0,0,0
0,5,1,600000,40,1,1,0,0,0,0
1,5,0,480000,20,1,1,0,0,0,0
1,4,0,720000,75,2,1,0,0,0,0
0,4,3,950000,50,1,1,0,0,0,0
0,4,2,950000,45,1,1,0,0,0,0
0,4,4,900000,53,1,1,0,0,0,0
0,4,2,900000,50,1,1,0,0,0,0
0,4,4,950000,58,1,1,0,0,0,0
1,4,0,2000000,235,4,4,0,0,0,0
1,4,0,1600000,266,4,4,1,0,1,1
0,5,0,450000,30,1,1,0,0,0,0
0,5,3,1000000,90,3,2,0,0,0,0
0,5,3,450000,25,1,1,0,0,0,0
0,5,3,950000,80,3,2,0,0,0,0
0,5,0,1200000,90,3,2,0,0,0,0
0,4,2,1230000,110,3,3,1,0,0,1
1,4,0,1600000,196,6,3,1,0,0,0
0,4,0,2000000,180,4,3,1,0,0,0
1,4,0,3500000,198,5,4,1,0,0,0
1,4,1,2500000,240,5,3,1,0,0,0
1,4,0,3100000,330,4,4,1,0,0,0
1,4,0,1500000,160,3,4,1,0,0,1
0,4,0,1200000,130,3,2,1,0,0,0
1,4,0,1450000,90,3,3,1,0,0,1
1,4,0,1700000,200,3,4,1,1,0,1
0,4,0,1350000,70,3,2,1,0,0,0
0,4,2,850000,40,1,1,1,0,0,0
0,4,3,900000,35,1,1,1,0,0,0
0,4,7,850000,45,1,1,1,0,0,0
0,4,2,900000,35,1,1,1,0,0,0
0,4,4,1350000,74,3,2,1,0,0,0
1,4,0,2200000,190,5,3,1,1,0,0
0,4,4,1250000,70,3,2,1,0,0,0
1,4,0,1600000,250,5,3,1,0,0,0
0,4,3,1200000,88,3,2,1,0,0,0
0,4,0,3300000,270,6,4,1,0,0,0
0,4,4,1250000,88,3,2,1,0,0,0
1,4,0,3500000,224,5,4,1,0,0,1
1,4,1,1800000,140,3,3,1,0,0,1
0,4,2,1500000,70,3,2,0,0,0,0
0,4,4,850000,50,2,1,1,0,0,0
1,4,0,1700000,230,4,3,1,0,0,1
1,4,0,1500000,186,4,4,1,0,0,0
1,4,0,1700000,180,4,3,1,0,0,0
1,4,0,3800000,270,5,3,1,1,0,0
0,4,4,1500000,75,3,2,1,0,0,0
0,4,2,700000,53,1,1,0,0,0,0
0,4,0,1400000,94,3,2,1,0,0,0
0,4,5,600000,40,2,1,0,0,0,0
0,4,4,650000,38,1,1,0,0,0,0
0,4,2,600000,32,1,1,1,0,0,0
0,4,4,750000,38,1,1,0,0,0,0
0,4,2,650000,40,2,1,0,0,0,0
1,4,0,4500000,178,3,3,1,0,0,0
0,4,5,910000,45,1,1,0,0,1,0
0,4,5,800000,45,1,1,0,0,1,0
0,4,5,800000,45,1,1,0,0,1,0
0,4,5,1650000,180,5,4,0,0,0,0
0,4,1,2500000,178,3,3,1,0,0,0
0,4,4,1450000,138,3,3,0,0,0,0
1,4,0,1500000,180,4,3,1,0,0,0
0,4,0,1800000,160,3,3,0,0,0,0
0,4,0,2000000,160,3,3,0,0,0,0
0,4,2,650000,44,2,1,0,0,0,0
0,4,3,650000,60,2,1,1,0,0,0
0,4,5,550000,52,2,1,1,0,0,0
1,4,2,2200000,160,4,3,0,0,0,0
1,4,0,1200000,170,3,3,1,0,0,0
0,4,5,700000,60,2,2,0,0,0,0
0,4,3,530000,30,1,1,1,0,0,0
0,4,7,850000,40,1,1,1,0,0,0
0,4,6,850000,40,1,1,0,0,0,0
0,4,10,850000,65,2,2,0,0,0,0
0,4,5,900000,75,2,2,0,1,0,0
0,4,6,800000,35,1,1,0,0,0,0
0,4,2,770000,40,1,1,0,0,0,0
0,4,0,770000,44,1,1,0,0,0,0
0,4,5,550000,36,1,1,0,0,0,0
0,4,7,830000,55,1,1,1,0,0,0
0,4,7,700000,40,1,1,1,0,0,0
0,4,9,580000,40,1,1,1,0,0,0
0,4,6,560000,35,1,1,0,0,0,0
0,4,2,750000,45,1,1,0,0,0,0
0,4,2,830000,32,1,1,0,0,0,0
0,4,5,1160000,80,3,2,1,0,0,0
0,4,5,720000,35,1,1,0,0,0,0
0,4,7,850000,38,1,1,0,0,0,0
0,4,0,770000,36,1,1,0,0,0,0
0,4,6,630000,36,1,1,0,0,0,0
0,4,2,750000,40,1,1,0,0,0,0
0,4,2,600000,40,1,1,1,0,0,0
0,4,3,820000,80,3,2,1,0,0,0
0,4,3,850000,75,3,2,1,0,0,0
0,4,1,550000,25,1,1,0,0,0,0
0,4,3,1000000,75,3,2,1,0,0,0
0,4,3,1200000,72,3,2,1,0,0,0
0,4,4,1400000,110,3,3,1,0,0,1
0,4,4,1300000,100,3,3,2,0,0,1
0,4,2,600000,45,1,1,1,0,0,0
0,4,4,1300000,98,3,2,2,0,0,1
0,4,2,650000,25,1,1,0,0,0,0
0,4,4,1100000,104,3,3,0,0,0,0
0,4,4,1150000,100,3,2,1,0,0,0
0,4,4,950000,100,3,2,0,0,0,0
0,4,4,800000,100,3,2,1,0,0,0
0,4,4,1250000,105,3,2,0,0,0,0
1,4,0,1400000,95,3,2,1,0,0,0
0,4,1,750000,50,1,1,0,0,0,0
0,4,0,900000,50,2,1,0,0,0,0
0,4,0,780000,65,2,1,0,0,0,0
0,4,2,650000,50,2,1,0,0,0,0
0,4,2,1000000,85,2,3,1,0,0,0
0,4,6,1500000,132,3,4,2,0,0,0
0,4,4,920000,60,2,2,1,0,0,0
0,4,4,1050000,60,2,2,1,0,0,0
0,4,6,1400000,132,3,4,1,0,0,0
0,4,5,850000,75,2,3,1,0,0,0
0,4,4,900000,70,2,2,1,0,0,0
0,4,4,1100000,60,2,2,1,0,0,0
0,4,2,1250000,85,2,2,1,0,0,0
0,4,6,1400000,132,3,4,1,0,0,0
1,4,0,950000,42,1,1,0,0,0,0
0,4,2,900000,117,4,3,0,0,0,0
1,4,0,700000,60,2,2,0,0,0,0
1,4,0,1200000,80,3,2,0,1,0,0
1,4,0,1100000,80,3,2,0,0,1,0
0,4,1,1400000,100,4,3,0,0,0,0
0,4,0,700000,70,2,1,0,0,0,0
0,4,3,550000,55,1,1,0,0,0,0
0,4,1,500000,22,1,1,0,0,0,0
0,4,2,650000,52,2,1,0,0,0,0
0,4,2,550000,42,1,1,0,0,0,0
0,4,5,1400000,60,2,2,1,0,0,0
0,4,4,850000,63,2,2,1,0,0,0
0,4,0,800000,70,3,3,0,0,0,0
0,4,5,1000000,75,3,2,1,0,0,0
0,4,2,1200000,53,2,1,0,0,0,0
0,4,4,1300000,49,2,1,0,0,0,0
1,4,1,760000,55,2,2,0,0,0,0
0,4,2,1800000,140,3,2,1,0,0,0
0,4,2,1700000,130,3,3,0,0,0,1
0,4,2,1100000,65,3,2,1,0,0,0
0,4,5,900000,60,2,2,0,0,0,0
0,4,1,950000,65,2,2,0,0,0,0
0,4,4,1050000,59,2,2,0,0,0,0
0,4,4,650000,30,1,1,0,0,0,0
0,4,1,850000,25,1,1,0,0,0,0
0,4,2,780000,33,1,1,0,0,0,0
0,4,2,750000,33,1,1,0,0,0,0
0,4,0,700000,35,2,1,0,0,0,0
0,4,2,650000,55,1,1,0,0,0,0
0,4,5,650000,40,1,1,0,0,0,0
0,5,5,750000,33,1,1,0,0,0,0
0,5,5,800000,40,2,1,0,0,0,0
0,5,5,720000,27,1,1,0,0,0,0
0,5,3,600000,45,1,1,0,0,0,0
0,5,2,1200000,40,2,2,0,0,0,0
0,4,3,1100000,90,3,2,1,0,0,0
0,4,0,850000,90,3,2,1,0,0,0
0,4,4,1300000,90,2,3,1,0,0,0
0,4,2,1300000,89,2,2,1,0,0,0
0,4,3,910000,73,3,2,1,0,0,0
0,4,2,900000,60,2,2,0,0,0,1
0,4,2,850000,65,2,2,0,0,0,1
0,4,2,870000,78,2,2,1,0,0,0
0,4,0,980000,60,2,2,1,0,0,0
0,4,2,950000,78,2,2,1,0,0,0
0,4,3,1200000,87,2,2,1,0,0,1
0,4,1,750000,66,1,1,0,0,0,0
0,4,1,850000,66,2,1,0,0,0,0
0,4,0,650000,44,1,1,1,0,0,0
0,4,1,750000,66,1,1,0,0,0,0
0,4,3,1500000,115,3,4,1,1,0,1
0,4,4,800000,45,1,1,1,0,0,0
0,4,4,650000,50,1,1,1,0,0,0
0,4,3,800000,70,3,2,1,0,0,0
0,4,1,1200000,80,3,2,1,0,0,0
0,4,3,900000,70,3,2,1,0,0,0
0,4,3,1300000,90,3,2,1,0,0,0
0,4,3,700000,62,1,1,1,0,0,0
0,4,3,1250000,90,3,2,1,0,0,0
0,4,3,1050000,60,2,1,1,0,0,0
0,4,2,1000000,75,3,2,1,0,0,0
0,4,1,600000,56,2,2,0,0,0,0
0,4,2,1200000,80,3,2,1,0,0,0
0,4,3,950000,65,2,2,1,0,0,0
0,4,3,1200000,85,3,2,1,0,0,0
0,4,2,760000,60,2,2,1,0,0,0
0,4,4,1200000,80,3,3,1,0,0,0
0,4,4,1000000,60,1,1,1,0,0,0
0,4,0,1000000,109,3,3,1,0,0,0
0,4,1,1350000,90,3,2,1,0,0,0
0,4,4,1100000,70,3,2,0,0,0,0
0,4,0,1100000,90,3,2,1,1,0,0
0,4,4,950000,75,3,2,0,0,0,0
0,4,4,1200000,86,3,2,0,0,0,0
0,4,4,1200000,86,3,2,0,0,0,0
0,4,1,1500000,100,3,2,1,0,0,0
1,4,0,750000,80,2,2,0,0,0,0
0,4,1,850000,80,3,2,0,0,0,0
0,4,3,1300000,57,2,2,1,0,0,0
0,4,4,1300000,87,3,2,0,0,0,0
0,4,3,1300000,57,2,2,1,0,0,0
0,5,4,650000,35,1,1,0,0,0,0
0,5,4,950000,67,2,2,1,0,0,0
0,5,3,750000,34,1,1,0,0,0,0
0,5,4,1000000,75,2,2,1,0,0,0
0,5,5,800000,35,1,1,0,0,0,0
0,5,2,730000,45,1,1,0,0,0,0
0,5,4,750000,30,1,1,0,0,0,0
0,5,5,850000,62,2,2,1,0,0,0
0,5,0,650000,40,2,1,0,0,0,0
1,5,0,850000,70,2,1,0,0,0,0
0,5,2,650000,45,1,1,0,0,0,0
0,5,0,550000,40,1,1,0,0,0,0
0,5,3,650000,30,1,1,0,0,0,0
0,5,10,830000,65,2,1,0,0,0,0
0,5,7,1100000,70,3,1,0,0,0,0
0,5,2,750000,32,1,1,0,0,0,0
1,5,0,1000000,90,3,2,0,0,0,0
0,4,2,1500000,100,3,2,0,0,0,0
0,4,1,900000,90,2,2,0,0,0,0
0,4,1,900000,90,2,2,0,0,0,0
0,4,1,800000,106,2,2,0,0,0,0
0,4,2,950000,48,2,1,0,0,0,0
0,4,3,680000,55,2,2,1,0,0,0
0,4,1,440000,18,1,1,0,0,0,0
0,4,1,620000,45,2,1,0,0,0,0
0,4,3,650000,60,2,1,1,0,0,0
0,4,0,880000,53,2,1,1,0,0,0
0,4,2,850000,48,2,1,0,0,0,0
0,4,3,680000,45,3,1,1,0,0,0
1,4,0,1200000,150,3,2,0,0,0,0
1,4,0,900000,120,3,2,0,0,0,1
0,4,0,980000,80,2,1,0,0,0,0
0,4,4,1400000,110,2,2,1,0,0,0
0,4,2,1050000,68,2,2,1,0,0,0
0,4,4,1350000,110,3,2,0,1,0,0
0,4,2,1100000,67,2,2,1,0,0,0
0,4,0,950000,140,4,2,0,0,0,0
0,4,2,800000,70,3,2,0,0,0,0
0,4,2,800000,45,1,1,0,0,0,0
0,4,2,450000,22,1,1,0,0,0,0
0,4,4,600000,45,1,1,0,0,0,0
0,4,4,700000,82,2,2,0,0,0,0
0,4,2,700000,35,1,1,0,0,0,0
0,4,4,700000,82,2,2,0,0,0,0
0,4,3,700000,35,1,1,0,0,0,0
0,4,2,400000,30,1,1,0,0,0,0
0,4,4,800000,35,1,1,0,0,0,0
0,4,3,400000,35,1,1,0,0,0,0
0,4,4,1100000,65,2,2,1,0,0,0
0,4,1,730000,45,1,1,0,0,0,0
0,4,3,900000,50,2,2,1,0,0,0
0,4,2,450000,40,1,1,0,0,0,0
0,4,2,420000,25,1,1,0,0,0,0
0,4,2,450000,40,1,1,0,0,0,0
0,4,2,400000,30,1,1,0,0,0,0
0,4,2,400000,30,1,1,0,0,0,0
0,4,3,800000,35,1,1,0,0,0,0
1,4,0,800000,70,3,2,0,0,0,0
0,4,0,1800000,120,4,2,1,0,0,0
1,4,0,630000,60,2,2,0,0,0,0
1,4,3,750000,60,2,2,0,0,0,0
0,4,4,1100000,90,3,2,1,0,0,0
0,4,5,800000,93,3,2,0,0,0,0
0,4,5,1200000,60,2,2,0,0,0,0
0,4,4,800000,85,4,2,0,0,0,0
0,4,5,900000,80,3,2,0,0,0,0
0,4,1,900000,96,3,2,2,0,0,0
0,4,4,1300000,84,3,2,0,0,0,0
0,4,5,1200000,76,3,2,0,0,0,0
0,4,5,1050000,80,3,2,0,0,0,0
0,4,5,1300000,84,3,2,1,0,1,0
0,4,4,1200000,76,3,2,0,0,1,0
1,4,0,970000,170,3,2,1,0,0,1
1,4,0,1300000,200,3,2,1,1,0,1
0,4,2,900000,110,4,2,0,0,0,0
0,4,0,1450000,125,4,3,2,0,0,0
0,4,2,780000,70,2,2,0,0,0,0
1,4,0,1900000,210,4,3,1,0,0,0
0,4,2,800000,50,2,2,0,0,0,0
0,4,2,700000,60,2,2,0,0,0,0
0,4,2,1400000,100,3,2,1,0,0,0
0,4,0,750000,72,2,1,0,0,0,0
0,4,0,950000,78,2,1,0,0,0,0
1,4,0,950000,200,4,2,0,0,0,0
0,4,1,1100000,130,3,3,0,0,0,1
0,4,1,780000,130,3,3,0,0,0,0
0,4,2,600000,70,2,1,0,0,0,0
0,4,3,650000,58,2,2,0,0,0,0
0,4,3,650000,56,2,1,0,0,0,0
0,4,4,700000,85,3,2,0,0,0,0
0,4,4,860000,75,3,2,0,0,0,0
0,4,4,800000,85,3,2,0,0,0,0
0,4,4,570000,30,1,1,0,0,0,0
0,4,3,450000,35,1,1,0,0,0,0
0,4,3,600000,60,2,1,0,0,0,0
0,4,3,820000,120,3,2,0,0,0,0
0,4,3,700000,120,3,2,0,0,1,0
1,4,0,690000,68,2,2,0,0,0,0
1,4,2,1300000,75,3,2,0,0,0,1
0,4,2,1100000,55,2,2,1,0,0,0
0,4,3,900000,54,2,1,1,0,0,0
0,4,4,800000,44,1,1,1,0,0,0
0,4,5,880000,55,2,1,1,0,0,0
0,4,5,950000,55,2,1,1,0,0,0
0,4,2,670000,42,1,1,0,0,0,0
0,4,3,1100000,50,2,2,1,0,0,0
0,4,4,550000,30,1,1,0,0,0,0
0,4,3,500000,40,1,1,0,0,0,0
0,4,5,600000,45,1,1,0,0,0,0
0,4,2,1100000,70,2,2,1,0,0,0
0,4,4,720000,32,1,1,1,0,0,0
0,4,2,800000,35,1,1,1,0,0,0
0,4,2,600000,32,1,1,1,0,0,0
0,4,1,650000,25,1,1,0,0,0,0
0,4,1,650000,30,1,1,0,0,0,0
0,4,4,1300000,70,3,2,1,0,0,0
0,4,5,950000,80,3,2,1,0,0,0
0,4,4,1000000,79,3,2,1,0,0,0
0,4,0,570000,50,2,1,0,0,0,0
1,4,0,800000,70,2,1,1,0,0,0
1,4,1,550000,40,1,1,0,0,0,0
0,5,4,850000,55,2,2,0,0,0,0
0,5,1,800000,57,2,1,0,0,0,0
0,5,1,1500000,78,3,2,1,0,0,0
0,5,1,1300000,70,3,2,1,0,0,0
1,4,0,1050000,110,4,3,0,0,0,0
1,4,0,1200000,110,4,3,0,0,0,0
1,4,0,1300000,110,4,3,0,0,0,0
1,4,0,1150000,125,3,3,0,0,0,1
0,4,1,1100000,116,4,3,0,0,0,0
0,4,1,1150000,126,3,3,0,1,0,0
0,4,3,1050000,90,3,2,0,0,1,0
1,4,0,460000,18,1,1,0,0,0,0
1,4,0,1150000,125,3,3,0,1,0,1
0,4,1,620000,30,1,1,0,0,0,0
0,4,1,700000,35,1,1,0,0,0,0
1,4,0,750000,80,2,2,0,0,0,0
0,4,1,780000,35,1,1,0,0,0,0
0,4,3,800000,50,2,2,0,0,0,0
0,4,0,650000,70,2,1,0,0,0,0
1,4,0,700000,26,1,1,0,0,0,0
0,4,5,1400000,142,4,3,1,0,0,0
0,4,3,1400000,129,4,3,1,0,0,1
0,4,5,1200000,130,4,3,1,0,1,1
0,4,1,850000,35,1,1,0,0,0,0
0,4,4,1100000,94,3,2,1,0,0,1
0,4,3,930000,55,2,1,1,0,0,0
0,4,1,850000,34,1,1,1,0,0,0
0,4,0,875000,55,2,2,1,0,0,0
0,4,3,1250000,66,3,2,2,0,1,0
0,4,2,1200000,57,3,2,1,0,0,0
0,4,1,500000,25,1,1,0,0,0,0
0,4,3,1100000,90,3,2,1,0,1,0
0,4,10,1350000,70,3,2,1,0,0,0
0,4,23,1350000,70,2,2,1,0,1,0
0,4,0,1200000,80,3,2,1,0,0,0
0,4,7,1500000,75,2,2,1,0,0,0
0,4,0,1300000,70,3,2,1,0,0,0
0,4,8,1400000,84,3,2,1,0,1,0
0,4,11,1650000,78,3,2,1,0,0,0
0,4,7,1500000,80,3,2,1,0,0,0
0,4,8,1600000,75,3,2,1,0,0,0
0,4,17,1350000,70,3,2,1,0,0,0
0,4,2,800000,84,3,2,0,0,1,0
0,4,3,850000,80,2,1,1,0,0,0
0,4,3,850000,60,2,3,0,0,0,0
1,4,0,1550000,66,3,1,0,0,0,0
1,4,0,850000,66,3,1,0,0,0,0
1,4,0,820000,94,4,2,0,0,1,0
1,4,0,890000,70,3,1,0,0,0,0
0,4,1,650000,45,1,1,0,0,0,0
1,4,0,850000,94,4,2,0,0,1,0
0,4,1,550000,45,1,1,0,0,0,0
0,4,4,850000,75,3,2,1,0,0,1
0,4,1,600000,45,1,1,0,0,0,0
0,4,4,900000,60,2,2,1,0,0,0
0,4,5,650000,48,2,1,0,0,0,0
0,4,2,900000,200,4,3,1,0,0,1
0,4,3,600000,38,1,1,0,0,0,0
0,4,2,750000,40,1,1,0,0,0,0
0,4,5,600000,45,1,1,0,0,0,0
0,4,2,700000,46,1,1,0,0,0,0
0,4,3,1200000,70,3,2,1,0,0,0
0,4,3,750000,65,3,2,0,0,0,0
0,4,4,1150000,65,3,2,0,0,0,0
0,4,4,850000,87,3,2,0,0,0,0
0,4,3,1350000,68,3,2,1,0,0,0
1,4,0,600000,50,1,1,0,0,0,0
0,4,3,950000,60,2,2,0,0,0,0
0,4,1,470000,25,1,1,0,0,0,0
0,4,1,1350000,87,3,3,0,0,0,0
1,4,0,1500000,110,5,2,1,0,0,0
0,4,2,750000,40,1,1,0,0,0,0
1,4,0,1600000,210,5,2,1,0,0,0
0,4,3,850000,73,3,2,0,0,0,0
0,4,2,1200000,65,2,2,0,0,0,0
1,4,0,1600000,190,4,3,1,0,0,0
1,4,0,1800000,190,4,3,1,0,0,0
1,4,1,1800000,135,4,3,1,0,0,0
0,4,3,680000,83,3,2,0,0,0,0
0,4,1,570000,30,1,1,1,0,0,0
0,4,0,460000,14,1,1,0,0,0,0
1,4,0,1100000,110,3,2,1,0,0,0
1,4,0,900000,150,3,2,0,0,0,0
1,4,0,950000,90,3,2,0,0,0,1
0,4,0,700000,69,2,1,0,0,0,0
0,4,5,600000,38,1,1,1,0,0,0
0,4,5,570000,58,2,1,0,0,0,0
0,4,5,660000,58,2,1,1,0,0,0
0,4,5,800000,42,2,1,1,0,0,0
1,4,0,1100000,180,4,3,1,0,0,1
0,4,0,550000,20,1,1,0,0,0,0
0,4,1,395000,25,1,1,0,0,0,0
0,4,0,1600000,140,5,3,0,0,0,0
0,4,0,1400000,150,4,2,0,0,0,0
1,4,0,950000,110,3,2,1,0,0,0
1,4,0,1030000,95,3,2,1,0,0,0
0,4,4,1100000,110,2,2,0,0,0,0
0,4,3,1000000,70,2,2,1,0,0,0
0,4,5,1200000,80,3,2,1,0,0,0
0,4,4,1000000,70,2,2,1,0,0,0
0,4,2,700000,40,1,1,0,0,0,0
1,4,0,600000,40,2,1,0,0,0,0
0,4,0,880000,65,2,1,0,0,0,0
0,4,1,330000,24,1,1,0,0,0,0
0,4,2,750000,60,2,1,0,0,0,0
0,4,0,500000,20,1,1,0,0,0,0
0,4,5,450000,20,1,1,0,0,0,0
0,4,3,660000,60,2,1,0,0,0,0
0,4,0,700000,62,2,1,0,0,0,0
0,4,0,600000,60,2,1,0,0,0,0
0,4,1,800000,60,2,1,0,0,0,0
0,4,2,550000,60,2,1,0,0,0,0
0,4,2,650000,60,2,1,0,0,0,0
0,4,2,500000,60,2,1,0,0,0,0
0,4,0,500000,42,1,1,0,0,0,0
0,4,1,700000,50,1,1,0,0,0,0
0,4,2,550000,38,1,1,0,0,0,0
0,4,0,750000,64,2,2,0,0,0,0
0,4,1,800000,40,1,1,0,0,0,0
0,4,4,600000,45,1,1,0,0,0,0
0,4,3,850000,70,2,2,0,0,0,0
0,4,4,750000,56,2,1,0,0,0,0
0,4,3,850000,80,2,2,0,0,0,0
1,4,0,730000,55,2,1,0,0,0,0
0,4,0,1100000,85,3,2,1,0,0,0
0,4,3,920000,87,3,2,0,0,0,0
0,4,3,850000,87,3,2,0,0,0,0
0,4,0,1200000,139,3,2,0,0,0,0
1,4,0,750000,48,1,1,0,0,0,0
1,4,0,750000,48,1,1,0,0,0,0
1,4,5,1050000,68,3,2,0,0,0,0
1,4,0,420000,22,1,1,0,0,0,0
1,4,0,280000,15,1,1,0,0,0,0
1,4,4,1300000,80,3,2,0,0,0,0
0,4,4,1300000,150,3,2,1,0,0,0
1,4,0,1300000,145,3,3,1,0,0,1
1,4,3,850000,66,3,1,0,0,0,0
0,4,0,900000,30,1,1,0,0,0,0
1,4,0,950000,125,4,2,0,0,0,0
1,4,0,850000,95,3,1,0,0,0,0
0,4,0,700000,65,2,1,0,0,0,0
0,4,0,1100000,80,3,1,0,0,0,0
0,4,3,1200000,71,3,2,0,0,0,0
1,4,0,850000,120,4,2,0,0,0,0
0,4,3,600000,38,1,1,0,0,0,0
1,4,0,880000,90,3,2,1,0,0,0
1,4,0,1280000,95,3,2,1,0,0,0
0,4,3,700000,48,1,1,0,0,0,0
0,4,0,750000,60,2,1,0,0,0,0
1,4,2,1450000,160,5,4,0,0,0,0
0,4,0,870000,82,3,1,0,0,0,0
0,4,0,1500000,100,2,2,1,0,0,0
0,4,0,1000000,100,3,2,0,0,0,1
1,4,0,900000,70,2,2,0,0,0,0
0,4,3,800000,68,2,2,0,0,0,0
1,4,0,1600000,130,2,2,2,0,0,1
0,4,0,800000,68,2,2,0,0,0,0
1,4,0,700000,65,3,2,0,0,0,0
1,4,0,1100000,90,3,2,0,0,0,0
1,4,0,1000000,78,2,2,0,0,0,0
0,4,0,1000000,65,2,2,1,0,0,0
1,4,0,680000,40,2,1,0,0,0,0
0,4,0,1500000,210,5,4,0,0,0,1
1,4,0,850000,90,3,3,0,0,0,0
1,4,0,1200000,140,4,4,1,0,0,0
0,4,4,620000,95,3,2,0,0,0,1
1,4,0,1000000,112,3,2,0,0,0,0
1,4,0,820000,97,3,2,0,0,0,0
1,4,0,650000,70,2,2,0,0,0,0
0,4,2,800000,70,2,2,0,0,0,1
1,4,0,1150000,55,2,1,0,0,0,0
1,4,0,900000,100,3,2,1,0,0,0
1,4,0,1100000,90,3,2,1,0,0,0
1,4,0,1000000,96,3,2,1,0,0,0
0,4,3,650000,60,2,1,0,0,0,0
0,4,2,950000,88,3,2,0,0,0,0
1,4,0,900000,90,3,2,1,0,0,0
1,4,0,750000,120,4,2,0,0,0,0
1,4,0,480000,85,2,1,0,0,0,0
0,4,2,890000,70,3,2,1,0,0,0
0,4,1,900000,75,3,2,1,0,0,0
0,4,3,800000,65,2,2,1,0,0,0
0,4,2,915000,62,3,2,1,0,0,0
0,4,3,780000,64,2,2,1,0,0,0
0,4,0,750000,40,2,1,0,0,0,0
0,4,3,750000,50,2,1,0,0,0,0
1,4,5,1500000,82,3,3,1,0,0,0
1,4,0,1200000,160,1,2,0,0,0,0
0,4,2,700000,75,2,2,1,0,0,0
0,4,2,1250000,170,3,3,0,0,0,0
0,4,0,1590000,190,3,2,0,1,0,1
0,4,2,720000,118,3,2,0,0,0,0
0,4,2,850000,140,3,2,0,0,0,0
1,4,0,700000,85,2,2,0,0,0,0
0,4,1,400000,22,1,1,0,0,0,0
1,5,0,800000,61,2,2,0,0,0,0
0,4,3,900000,107,3,3,0,0,0,0
1,5,0,670000,67,2,2,0,0,0,0
0,4,3,1300000,103,3,3,0,0,0,0
1,5,0,550000,35,1,1,0,0,0,0
0,4,3,1180000,120,3,3,0,0,0,0
0,4,1,690000,77,2,2,1,0,0,0
1,5,0,550000,30,1,1,0,0,0,0
0,4,3,930000,70,2,2,0,0,0,0
1,4,0,1100000,75,3,2,0,0,0,0
0,5,2,800000,60,2,1,1,0,0,0
1,4,0,1200000,60,2,2,0,0,0,0
1,5,0,1500000,120,3,2,1,0,0,0
0,4,2,1500000,120,4,3,0,0,0,0
0,4,2,1500000,105,3,2,1,0,0,1
0,4,0,1300000,90,3,3,1,0,0,1
0,4,1,400000,28,1,1,0,0,0,0
1,4,0,750000,70,3,2,0,0,0,0
0,4,0,1200000,112,4,3,0,0,0,0
1,4,0,1150000,220,4,3,1,0,0,1
1,4,0,1600000,150,5,3,0,0,1,0
1,5,0,1200000,85,2,2,0,0,0,0
1,5,0,1100000,70,3,2,0,0,0,0
1,5,0,850000,76,3,2,0,0,0,1
1,5,0,1500000,180,3,2,0,1,0,1
1,5,0,990000,80,2,1,1,0,0,0
1,5,0,980000,80,2,1,0,0,0,0
1,5,0,990000,80,2,1,1,0,0,0
1,5,0,2000000,260,6,3,1,0,0,0
1,5,0,1400000,232,5,3,1,0,0,0
1,4,0,450000,25,1,1,0,0,0,0
1,5,0,1500000,250,5,3,1,0,0,0
1,4,0,650000,35,1,1,0,0,0,0
1,4,0,2000000,218,4,2,1,0,0,1
1,5,0,1400000,180,5,3,0,0,0,0
1,5,0,980000,120,3,2,0,0,0,1
1,5,0,1100000,130,3,2,0,0,0,1
1,5,0,900000,90,4,2,0,0,0,0
1,5,1,900000,40,1,1,0,1,0,0
1,5,0,850000,64,2,1,1,0,0,0
1,5,0,1100000,110,3,2,1,0,0,0
1,4,0,700000,40,2,1,0,0,0,0
1,4,0,900000,140,3,3,1,0,0,1
1,4,0,850000,80,3,1,0,0,0,0
1,5,0,1400000,130,3,2,0,0,0,0
0,4,3,1380000,65,2,2,1,0,0,0
0,4,3,1380000,65,2,2,1,0,0,0
0,4,5,1400000,85,2,3,1,0,0,0
0,4,3,1250000,60,2,2,1,0,0,0
0,4,5,1350000,77,2,2,1,0,0,0
0,4,4,1550000,75,3,2,1,0,0,0
0,4,5,1300000,75,2,3,1,0,0,0
0,4,4,850000,55,2,2,0,0,0,0
0,4,1,2000000,154,3,2,1,0,1,0
0,4,4,1000000,120,3,2,0,0,0,0
0,4,3,1300000,92,3,2,1,0,0,0
0,5,2,1000000,65,3,2,0,0,0,0
0,4,0,840000,65,3,1,1,0,0,0
0,4,3,1100000,60,3,1,0,0,0,0
0,4,3,800000,58,2,1,0,0,0,0
0,4,5,850000,55,2,1,0,0,0,0
0,4,6,830000,76,3,2,1,0,0,0
0,4,3,1180000,78,3,2,1,0,0,0
0,4,9,1450000,70,2,1,1,0,0,0
0,4,2,850000,74,2,2,0,0,0,0
0,5,2,1200000,57,3,2,1,0,0,0
0,5,3,1150000,75,3,2,1,0,0,0
0,5,4,1200000,150,3,2,1,0,0,0
0,5,2,1200000,80,3,2,1,0,0,0
0,5,2,750000,80,3,2,1,0,0,0
0,5,5,1100000,80,3,2,1,0,0,0
0,4,5,1100000,70,2,2,0,0,0,0
0,4,2,870000,62,2,2,0,1,0,0
0,5,3,1200000,75,3,2,0,0,0,0
0,5,7,770000,35,1,1,0,0,0,0
0,5,3,800000,38,1,1,0,0,0,0
0,5,10,850000,53,2,1,0,0,0,0
0,5,11,800000,50,2,1,0,0,0,0
0,4,3,1250000,72,3,2,1,0,0,0
0,4,2,1000000,71,3,2,1,0,0,0
0,4,6,1200000,75,2,2,1,0,0,0
0,4,7,1200000,75,2,2,1,0,0,0
0,4,1,1100000,78,3,2,1,0,0,0
0,4,6,1150000,58,2,2,1,0,0,0
0,4,4,950000,50,2,1,1,0,0,0
0,4,1,700000,75,4,2,0,0,0,0
0,4,2,1000000,75,2,2,0,0,1,0
0,4,3,870000,70,2,1,0,0,0,0
0,4,3,800000,74,2,1,0,0,0,0
0,4,0,850000,70,2,2,0,0,0,1
0,5,1,400000,40,1,1,0,0,0,0
0,5,2,1200000,90,2,2,0,0,0,0
0,5,3,1250000,70,3,2,0,0,0,0
1,5,0,1300000,168,4,4,1,0,0,0
0,5,0,800000,120,3,2,0,0,0,0
1,5,2,1150000,103,3,3,0,0,0,0
0,5,3,1400000,110,3,3,0,0,0,0
0,5,3,950000,50,2,1,1,0,0,0
0,5,2,850000,40,2,1,0,0,0,0
0,5,3,1200000,90,3,3,0,0,0,1
0,5,1,1800000,150,4,2,1,0,0,0
0,5,2,1080000,55,2,2,0,0,0,0
0,5,3,1080000,55,2,2,0,0,0,0
0,4,0,400000,18,1,1,0,0,1,0
0,4,1,430000,25,1,1,0,0,0,0
0,5,2,1500000,120,3,2,1,0,1,0
0,5,0,700000,68,2,3,0,0,0,0
0,4,3,1200000,120,4,3,0,0,0,0
0,4,4,780000,55,2,2,0,1,0,0
0,4,4,700000,55,2,1,0,0,0,0
0,5,3,750000,45,2,1,0,0,0,0
0,5,3,1200000,65,3,2,0,0,0,0
0,5,0,730000,35,1,1,0,0,0,0
0,5,2,850000,42,1,1,0,0,0,0
0,5,0,880000,48,1,1,0,0,0,0
0,5,1,750000,45,1,1,0,0,0,0
0,5,1,850000,45,1,1,0,0,0,0
0,5,1,780000,37,1,1,0,0,0,0
0,5,1,730000,34,1,1,0,0,0,0
0,5,1,750000,40,1,1,0,0,0,0
0,5,2,800000,45,1,1,0,0,0,0
0,5,1,750000,45,1,1,0,0,0,0
0,5,1,750000,40,1,1,0,0,0,0
0,5,2,800000,50,1,1,0,0,0,0
0,5,2,2200000,219,5,3,0,0,0,0
0,5,3,1000000,80,3,2,0,0,0,0
0,4,1,330000,20,1,1,0,0,0,0
0,4,1,1100000,120,4,2,0,0,0,0
0,4,4,600000,40,1,1,0,0,0,0
0,5,3,1000000,55,2,2,0,0,0,0
0,5,2,1700000,150,3,3,1,0,1,0
0,5,4,900000,35,1,1,0,0,0,0
0,5,2,1800000,150,3,3,1,0,0,0
0,5,3,750000,30,1,1,0,0,0,0
0,4,1,450000,45,1,1,0,0,0,0
0,4,4,700000,52,2,1,1,0,0,0
0,4,3,800000,67,3,2,1,0,0,0
0,4,3,800000,55,2,2,1,0,0,0
0,4,2,950000,60,2,2,0,0,0,0
0,4,5,850000,58,2,2,1,0,0,0
0,4,4,550000,40,1,1,0,0,0,0
0,4,5,750000,40,2,2,1,0,0,0
0,4,2,720000,55,2,1,1,0,0,0
0,4,2,650000,25,1,1,0,0,0,0
0,4,1,600000,30,1,1,0,0,0,0
0,4,2,750000,55,2,1,0,0,0,0
0,4,2,500000,28,1,1,0,0,0,0
0,4,5,3900000,128,3,4,1,0,0,1
0,4,6,2500000,92,2,2,1,0,0,0
0,4,3,2400000,120,3,2,1,0,0,0
0,4,3,2250000,120,3,2,1,0,0,0
0,4,0,2100000,75,2,2,1,0,0,0
0,5,4,1600000,97,3,2,0,0,0,0
0,5,3,1600000,97,3,2,0,0,0,0
0,4,6,1350000,76,3,2,1,0,0,0
0,4,4,1800000,102,2,2,0,0,0,0
0,4,11,1650000,75,3,2,1,0,0,0
0,4,10,1400000,75,3,2,1,0,0,0
0,4,5,1600000,72,3,2,1,0,0,0
0,4,10,1600000,74,3,2,1,0,0,0
0,4,7,1350000,65,3,3,1,0,0,0
0,4,10,1400000,65,3,3,1,0,0,0
0,4,2,1250000,54,1,2,1,0,0,0
0,4,9,1300000,62,2,2,1,0,0,0
0,4,0,1250000,50,1,2,1,0,0,0
0,4,1,1300000,65,3,2,1,0,0,0
0,4,2,1200000,45,1,2,1,0,0,0
0,4,16,1200000,60,2,2,1,0,0,0
0,4,16,1200000,52,2,2,1,0,0,0
0,4,2,1200000,56,1,2,1,0,0,0
0,4,1,1300000,70,3,2,1,0,0,0
0,4,14,1400000,68,3,2,1,0,0,0
0,4,0,1350000,67,3,2,1,0,0,0
0,4,11,1350000,70,3,2,1,0,0,0
0,4,17,1500000,60,3,2,1,0,1,0
0,4,15,1200000,60,1,1,1,0,0,0
0,4,13,1300000,71,2,2,1,0,0,0
0,4,8,1100000,48,2,2,1,0,0,0
0,4,6,1250000,62,2,2,1,0,0,0
0,4,10,1200000,60,2,2,1,0,0,0
0,4,12,1200000,62,2,2,1,0,0,0
0,4,10,1300000,54,2,2,1,0,0,0
0,4,14,1300000,65,3,2,1,0,0,0
0,4,19,1200000,55,3,2,1,0,0,0
0,4,0,950000,55,3,2,1,0,0,0
0,4,0,850000,46,2,1,0,0,0,0
0,4,13,750000,42,2,1,0,0,0,0
0,4,8,770000,42,2,1,0,0,0,0
0,4,19,950000,42,2,1,1,0,0,0
0,4,10,900000,55,2,2,1,0,0,0
0,4,20,950000,60,2,2,1,0,0,0
0,4,19,850000,42,2,1,1,0,0,0
0,4,7,750000,46,2,1,0,0,0,0
0,4,16,1000000,50,2,1,1,0,0,0
0,4,16,1000000,55,2,1,1,0,0,0
0,4,19,1000000,52,2,1,1,0,0,0
0,4,19,900000,40,2,1,1,0,0,0
0,4,14,1250000,57,3,2,1,0,1,0
0,4,17,1200000,54,3,2,1,0,0,0
0,4,16,1050000,50,2,1,1,0,0,0
0,4,14,900000,52,2,2,1,0,0,0
0,4,8,900000,46,2,1,1,0,0,0
0,4,12,800000,42,2,1,0,0,0,0
0,4,12,1000000,55,3,2,0,0,0,0
0,4,5,800000,42,2,1,0,0,0,0
0,4,5,1000000,61,3,2,1,0,0,0
0,4,16,955000,55,3,2,1,0,0,0
0,4,19,960000,60,3,2,1,0,0,0
0,4,20,900000,43,2,1,1,0,0,0
0,4,18,850000,48,2,1,0,0,0,0
0,4,18,700000,45,2,1,0,0,0,0
0,4,9,1150000,55,3,2,1,0,0,0
0,4,9,870000,43,2,2,1,0,0,0
0,4,11,850000,48,2,1,1,0,0,0
0,4,10,1300000,55,2,2,1,1,0,0
0,4,17,1100000,55,3,2,1,0,0,0
0,4,0,1000000,45,2,1,1,0,0,0
0,4,15,1050000,60,3,2,1,0,0,0
0,4,3,850000,48,2,1,0,0,0,0
0,4,14,1200000,62,3,2,1,0,0,0
0,4,5,800000,45,2,2,0,0,0,0
0,4,13,900000,60,2,2,1,0,1,0
0,4,10,900000,55,2,1,0,0,0,0
0,4,19,900000,43,2,1,1,0,0,0
0,4,21,1200000,48,2,1,1,0,0,0
0,4,4,850000,50,2,2,0,0,0,0
0,4,16,980000,68,2,2,1,0,0,0
0,4,14,1250000,65,3,2,1,0,0,0
0,4,17,1150000,60,3,2,1,0,0,0
0,4,5,850000,52,3,2,1,0,0,0
0,4,5,800000,55,2,2,0,0,0,0
0,4,19,800000,42,2,1,1,0,0,0
0,4,0,850000,47,2,1,0,0,0,0
0,4,19,830000,43,2,1,0,0,0,0
0,4,0,1000000,42,2,1,1,0,0,0
0,4,15,1000000,70,2,1,0,0,0,0
0,4,8,1250000,45,2,1,1,0,0,0
0,4,20,1000000,45,2,1,1,0,0,0
0,4,5,800000,60,3,2,1,0,0,0
0,4,19,800000,45,2,1,1,0,0,0
0,4,10,1100000,100,3,2,1,0,0,0
0,4,16,1100000,55,2,2,1,0,0,0
0,4,8,1200000,60,2,2,1,0,0,0
0,4,11,1100000,59,2,2,1,0,0,0
0,4,8,1050000,63,2,2,1,0,0,0
0,4,10,1100000,59,2,2,1,0,0,0
0,4,1,1050000,59,3,2,1,0,0,0
0,4,11,1100000,55,2,2,1,0,0,0
0,4,12,1200000,56,2,2,1,0,0,0
0,4,12,850000,58,2,2,0,0,0,0
0,4,17,1000000,55,2,2,1,0,0,0
0,4,21,900000,54,2,2,0,0,0,0
0,4,8,900000,60,2,2,0,0,0,0
0,4,1,1000000,55,2,2,1,0,0,0
0,4,14,1000000,60,2,2,1,0,0,0
0,4,6,1200000,58,3,2,1,0,0,0
0,4,19,850000,55,2,1,0,0,0,0
0,4,14,950000,55,2,1,0,0,0,0
0,4,3,870000,45,2,1,0,0,0,0
0,4,14,1200000,55,3,2,1,0,0,0
0,4,1,950000,58,3,2,1,0,0,0
0,4,17,800000,52,2,2,0,0,0,0
0,4,16,970000,54,3,2,1,0,0,0
0,4,17,950000,54,2,2,1,0,0,0
0,4,0,950000,55,3,2,1,0,0,0
0,4,1,900000,60,3,2,1,0,0,0
0,4,3,1100000,60,2,2,1,0,1,0
0,4,16,900000,53,2,2,1,0,0,0
0,4,10,950000,60,3,2,1,0,0,0
0,4,14,1000000,52,2,2,0,0,0,0
0,4,10,950000,55,2,2,1,0,0,0
0,4,12,950000,55,3,2,0,0,0,0
0,4,20,800000,55,2,1,0,0,0,0
0,4,15,1000000,53,2,2,1,0,0,0
0,4,8,900000,60,2,2,0,0,0,0
0,4,12,900000,52,2,2,1,0,1,0
0,4,7,850000,52,2,2,1,0,1,0
0,4,17,730000,55,3,2,0,0,0,0
0,4,3,1400000,63,2,2,1,0,0,0
0,4,4,1700000,77,3,2,1,0,0,0
0,4,16,1400000,70,3,2,1,0,0,0
0,4,8,1250000,68,2,2,1,0,0,0
0,4,7,1300000,64,2,2,1,0,0,0
0,4,2,1350000,80,2,2,1,0,0,0
0,4,20,1400000,72,3,2,1,0,0,0
0,4,2,1350000,80,2,2,1,0,0,0
0,4,19,1100000,68,3,2,0,0,0,0
0,4,12,1300000,80,3,2,1,0,0,0
0,4,6,1500000,85,3,2,1,0,0,0
0,4,20,1350000,67,3,2,1,0,0,0
0,4,13,1350000,70,3,2,1,0,0,0
0,4,8,1650000,85,3,2,1,0,0,0
0,4,15,1300000,70,3,2,1,0,0,0
0,4,15,1700000,85,3,2,1,0,0,0
0,4,13,1250000,70,3,2,1,0,0,0
0,4,0,1500000,70,3,2,1,0,0,0
0,4,15,1400000,65,3,2,1,0,0,0
0,4,9,1600000,84,3,2,1,0,1,0
0,4,2,1400000,72,3,2,1,0,0,0
0,4,4,1100000,70,2,2,1,1,0,0
0,4,13,1300000,70,3,2,1,0,0,0
0,4,14,1500000,73,3,2,1,0,0,0
0,4,9,1400000,84,3,2,1,0,1,0
0,4,17,1400000,76,3,2,1,0,0,0
0,4,9,1250000,70,2,2,1,0,0,0
0,4,12,1500000,88,3,2,1,0,0,0
0,4,20,1850000,78,3,2,1,0,0,0
0,4,12,1500000,72,3,2,1,0,0,0
0,4,11,1350000,60,3,2,1,0,0,0
0,4,0,1100000,78,3,2,1,0,0,0
0,4,11,1200000,63,2,2,1,0,0,0
0,4,0,900000,65,2,2,1,0,0,0
0,4,0,800000,57,3,2,1,0,0,0
0,4,11,950000,57,2,2,1,0,0,0
0,4,22,950000,57,3,2,1,0,0,0
0,4,20,1100000,57,3,2,1,0,0,0
0,4,17,1150000,65,3,2,1,0,0,0
0,4,26,1100000,57,3,2,1,0,0,0
0,4,21,1300000,75,3,2,1,0,0,0
0,4,5,1050000,57,2,2,1,0,0,0
0,4,0,850000,57,3,2,1,0,0,0
0,4,19,1150000,60,2,2,1,1,0,0
0,4,11,950000,57,2,2,1,0,0,0
0,4,5,950000,57,2,2,1,0,0,0
0,4,13,1100000,60,3,2,1,0,0,0
0,4,20,1150000,60,3,2,1,0,0,0
0,4,20,1100000,60,3,2,1,0,0,0
0,4,21,1200000,65,3,2,1,0,0,0
0,4,17,1100000,65,3,2,1,0,0,0
0,4,11,900000,57,3,2,1,0,0,0
0,4,2,1000000,60,3,2,1,0,0,0
0,4,6,900000,60,3,2,1,0,0,0
0,4,11,800000,57,3,2,1,0,0,0
0,4,8,820000,57,3,2,1,0,0,0
0,4,24,900000,57,3,2,1,0,0,0
0,4,2,1200000,62,2,2,1,0,0,0
0,4,16,1100000,58,2,2,0,0,0,0
0,4,7,1050000,60,2,2,1,0,0,0
0,4,20,1100000,55,2,1,1,0,0,0
0,4,16,1100000,54,3,2,1,0,0,0
0,4,17,1100000,65,3,2,1,0,0,0
0,4,12,950000,55,2,2,1,0,0,0
0,4,13,1100000,60,2,2,1,0,0,0
0,4,12,900000,52,2,2,1,0,0,0
0,4,1,1060000,55,3,2,1,0,0,0
0,4,6,1020000,60,3,2,1,0,0,0
0,4,16,1150000,60,2,1,1,0,0,0
0,4,19,1100000,62,3,2,1,0,0,0
0,4,13,950000,55,2,2,0,0,0,0
0,4,13,1050000,56,2,2,1,0,0,0
0,4,15,1200000,62,3,2,1,0,0,0
0,4,8,1150000,62,3,2,1,0,0,0
0,4,16,1050000,54,2,2,1,0,1,0
0,4,18,1000000,54,3,2,1,0,0,0
0,4,4,900000,56,2,2,1,0,0,0
0,4,1,950000,53,2,2,1,0,0,0
0,4,0,850000,55,2,2,1,0,0,0
0,4,19,1100000,60,3,2,1,0,0,0
0,4,9,1100000,60,3,2,1,0,0,0
0,4,0,900000,60,3,2,0,0,0,0
0,4,5,1050000,60,2,2,1,0,0,0
0,4,9,1150000,60,3,2,1,0,0,0
0,4,10,900000,45,2,1,1,0,0,0
0,4,9,1000000,60,2,2,1,0,0,0
0,4,12,1030000,65,3,2,1,0,0,0
0,4,8,1100000,65,3,2,1,0,0,0
0,4,1,1100000,55,3,2,1,0,0,0
0,4,6,1020000,55,2,2,1,0,0,0
0,4,4,1100000,51,2,2,1,1,0,0
0,4,3,900000,60,2,2,1,0,0,0
0,4,7,980000,58,3,2,0,0,0,0
0,4,3,900000,56,3,2,0,0,0,0
0,4,4,800000,55,2,2,0,0,1,0
0,4,6,950000,62,2,2,0,1,0,0
0,4,9,1000000,62,2,2,0,0,0,0
0,4,2,920000,79,3,2,1,0,0,0
0,4,9,800000,75,3,2,0,0,0,0
0,4,11,800000,50,3,2,0,0,0,0
0,4,0,760000,53,2,2,0,0,0,0
0,4,12,930000,55,3,2,0,0,0,0
0,4,3,950000,78,3,2,1,0,0,0
0,4,4,850000,73,3,2,1,0,0,0
0,4,5,1200000,72,3,2,1,0,0,0
0,4,1,1100000,72,3,2,1,0,0,0
0,4,7,1100000,72,3,2,1,0,0,0
0,4,5,1200000,78,3,2,1,0,0,0
0,5,4,1200000,150,3,2,1,0,0,0
1,,,,,,,,,,
